order_id,customer_rating,return_flag
ORD000001,4.0,NO
ORD000002,5.0,No
ORD000003,0.0,Yes
ORD000004,4.0,No
ORD000005,3.0,No
ORD000006,4.0,Yes
ORD000007,3.0,Unknown
ORD000008,4.0,yes
ORD000009,4.0,No
ORD000010,0.0,No
ORD000011,2.0,Unknown
ORD000012,4.0,Unknown
ORD000013,3.0,Unknown
ORD000014,1.0,No
ORD000015,5.0,Unknown
ORD000016,4.0,No
ORD000017,4.0,yes
ORD000018,5.0,Yes
ORD000019,4.0,No
ORD000020,1.0,Unknown
ORD000021,3.0,No
ORD000022,4.0,Unknown
ORD000023,3.0,No
ORD000024,1.0,No
ORD000025,4.0,No
ORD000026,5.0,No
ORD000027,4.0,yes
ORD000028,1.0,Unknown
ORD000029,5.0,No
ORD000030,0.0,Yes
ORD000031,4.0,NO
ORD000032,4.0,Yes
ORD000033,5.0,No
ORD000034,4.0,Unknown
ORD000035,5.0,Unknown
ORD000036,5.0,Unknown
ORD000037,5.0,NO
ORD000038,4.0,Unknown
ORD000039,4.0,Yes
ORD000040,4.0,No
ORD000041,5.0,Unknown
ORD000042,5.0,No
ORD000043,5.0,yes
ORD000044,5.0,No
ORD000045,2.0,No
ORD000046,3.0,Unknown
ORD000047,5.0,No
ORD000048,4.0,Yes
ORD000049,5.0,NO
ORD000050,4.0,Unknown
ORD000051,4.0,No
ORD000052,3.0,Unknown
ORD000053,1.0,No
ORD000054,4.0,NO
ORD000055,5.0,No
ORD000056,0.0,No
ORD000057,0.0,Yes
ORD000058,2.0,yes
ORD000059,0.0,NO
ORD000060,0.0,No
ORD000061,1.0,No
ORD000062,5.0,NO
ORD000063,4.0,No
ORD000064,4.0,NO
ORD000065,4.0,No
ORD000066,4.0,Yes
ORD000067,5.0,Unknown
ORD000068,4.0,yes
ORD000069,0.0,Unknown
ORD000070,4.0,Unknown
ORD000071,4.0,Unknown
ORD000072,1.0,No
ORD000073,4.0,NO
ORD000074,1.0,Unknown
ORD000075,1.0,Yes
ORD000076,5.0,Yes
ORD000077,3.0,Yes
ORD000078,4.0,No
ORD000079,0.0,NO
ORD000080,4.0,No
ORD000081,1.0,Unknown
ORD000082,5.0,No
ORD000083,5.0,NO
ORD000084,4.0,No
ORD000085,4.0,Unknown
ORD000086,0.0,No
ORD000087,5.0,No
ORD000088,5.0,No
ORD000089,5.0,Yes
ORD000090,4.0,Yes
ORD000091,4.0,No
ORD000092,0.0,yes
ORD000093,3.0,Yes
ORD000094,5.0,No
ORD000095,5.0,No
ORD000096,5.0,No
ORD000097,3.0,Yes
ORD000098,5.0,No
ORD000099,5.0,No
ORD000100,4.0,Unknown
ORD000101,1.0,Unknown
ORD000102,4.0,No
ORD000103,1.0,NO
ORD000104,4.0,NO
ORD000105,3.0,Unknown
ORD000106,0.0,Yes
ORD000107,5.0,Yes
ORD000108,4.0,NO
ORD000109,3.0,No
ORD000110,5.0,Yes
ORD000111,5.0,No
ORD000112,5.0,No
ORD000113,3.0,No
ORD000114,5.0,Yes
ORD000115,1.0,No
ORD000116,5.0,Yes
ORD000117,4.0,Unknown
ORD000118,4.0,Yes
ORD000119,5.0,Yes
ORD000120,4.0,Unknown
ORD000121,4.0,Yes
ORD000122,0.0,No
ORD000123,0.0,Yes
ORD000124,4.0,yes
ORD000125,4.0,yes
ORD000126,5.0,Yes
ORD000127,5.0,yes
ORD000128,4.0,Unknown
ORD000129,3.0,Unknown
ORD000130,5.0,Yes
ORD000131,4.0,yes
ORD000132,2.0,Unknown
ORD000133,4.0,Yes
ORD000134,5.0,yes
ORD000135,5.0,No
ORD000136,5.0,Yes
ORD000137,2.0,Yes
ORD000138,4.0,Unknown
ORD000139,3.0,Unknown
ORD000140,3.0,Yes
ORD000141,3.0,Yes
ORD000142,5.0,No
ORD000143,5.0,Yes
ORD000144,3.0,No
ORD000145,5.0,Unknown
ORD000146,4.0,Yes
ORD000147,2.0,Yes
ORD000148,5.0,Yes
ORD000149,5.0,NO
ORD000150,2.0,Unknown
ORD000151,4.0,yes
ORD000152,4.0,Yes
ORD000153,4.0,No
ORD000154,4.0,Unknown
ORD000155,5.0,Yes
ORD000156,4.0,Yes
ORD000157,2.0,NO
ORD000158,5.0,Unknown
ORD000159,4.0,Yes
ORD000160,2.0,Unknown
ORD000161,4.0,Yes
ORD000162,4.0,yes
ORD000163,5.0,Yes
ORD000164,4.0,No
ORD000165,4.0,No
ORD000166,5.0,NO
ORD000167,1.0,Unknown
ORD000168,4.0,NO
ORD000169,5.0,No
ORD000170,5.0,Yes
ORD000171,3.0,Unknown
ORD000172,4.0,yes
ORD000173,5.0,Yes
ORD000174,4.0,No
ORD000175,4.0,No
ORD000176,4.0,No
ORD000177,0.0,Yes
ORD000178,4.0,Yes
ORD000179,3.0,No
ORD000180,5.0,Yes
ORD000181,5.0,No
ORD000182,4.0,No
ORD000183,2.0,NO
ORD000184,4.0,No
ORD000185,4.0,Unknown
ORD000186,5.0,yes
ORD000187,4.0,NO
ORD000188,2.0,No
ORD000189,1.0,yes
ORD000190,5.0,No
ORD000191,4.0,Unknown
ORD000192,2.0,Yes
ORD000193,4.0,No
ORD000194,5.0,Unknown
ORD000195,2.0,NO
ORD000196,1.0,Yes
ORD000197,3.0,Yes
ORD000198,4.0,No
ORD000199,5.0,No
ORD000200,4.0,No
ORD000201,5.0,yes
ORD000202,5.0,NO
ORD000203,5.0,No
ORD000204,5.0,Yes
ORD000205,5.0,Unknown
ORD000206,5.0,No
ORD000207,0.0,Yes
ORD000208,3.0,Unknown
ORD000209,5.0,No
ORD000210,0.0,yes
ORD000211,0.0,Unknown
ORD000212,5.0,Yes
ORD000213,3.0,Yes
ORD000214,4.0,Unknown
ORD000215,0.0,Yes
ORD000216,5.0,No
ORD000217,5.0,Unknown
ORD000218,4.0,Yes
ORD000219,5.0,Yes
ORD000220,3.0,NO
ORD000221,5.0,Unknown
ORD000222,5.0,NO
ORD000223,4.0,NO
ORD000224,2.0,No
ORD000225,0.0,Unknown
ORD000226,5.0,Unknown
ORD000227,5.0,No
ORD000228,2.0,NO
ORD000229,4.0,NO
ORD000230,3.0,Yes
ORD000231,4.0,Unknown
ORD000232,5.0,No
ORD000233,0.0,No
ORD000234,5.0,Yes
ORD000235,3.0,Unknown
ORD000236,5.0,Yes
ORD000237,4.0,NO
ORD000238,5.0,Yes
ORD000239,5.0,Unknown
ORD000240,5.0,No
ORD000241,4.0,Yes
ORD000242,3.0,No
ORD000243,5.0,NO
ORD000244,0.0,No
ORD000245,4.0,No
ORD000246,3.0,No
ORD000247,2.0,No
ORD000248,4.0,No
ORD000249,2.0,No
ORD000250,5.0,No
ORD000251,4.0,No
ORD000252,4.0,No
ORD000253,4.0,No
ORD000254,2.0,Yes
ORD000255,5.0,Unknown
ORD000256,2.0,Unknown
ORD000257,4.0,No
ORD000258,0.0,Yes
ORD000259,5.0,NO
ORD000260,5.0,NO
ORD000261,2.0,Yes
ORD000262,5.0,Unknown
ORD000263,5.0,NO
ORD000264,5.0,No
ORD000265,0.0,No
ORD000266,0.0,No
ORD000267,4.0,Unknown
ORD000268,5.0,No
ORD000269,5.0,Yes
ORD000270,0.0,Yes
ORD000271,5.0,No
ORD000272,4.0,No
ORD000273,0.0,No
ORD000274,4.0,No
ORD000275,4.0,Unknown
ORD000276,0.0,Yes
ORD000277,5.0,Unknown
ORD000278,4.0,Yes
ORD000279,4.0,Unknown
ORD000280,1.0,Yes
ORD000281,4.0,yes
ORD000282,4.0,No
ORD000283,4.0,No
ORD000284,5.0,Yes
ORD000285,4.0,Yes
ORD000286,4.0,No
ORD000287,5.0,NO
ORD000288,4.0,No
ORD000289,5.0,NO
ORD000290,4.0,Unknown
ORD000291,3.0,No
ORD000292,4.0,No
ORD000293,4.0,No
ORD000294,3.0,Unknown
ORD000295,5.0,Yes
ORD000296,4.0,No
ORD000297,2.0,Unknown
ORD000298,5.0,No
ORD000299,4.0,No
ORD000300,4.0,No
ORD000301,5.0,No
ORD000302,5.0,No
ORD000303,0.0,No
ORD000304,4.0,Unknown
ORD000305,4.0,yes
ORD000306,4.0,Unknown
ORD000307,4.0,Yes
ORD000308,4.0,Unknown
ORD000309,4.0,Unknown
ORD000310,3.0,Unknown
ORD000311,4.0,NO
ORD000312,0.0,Yes
ORD000313,1.0,yes
ORD000314,0.0,NO
ORD000315,2.0,Unknown
ORD000316,5.0,Unknown
ORD000317,5.0,No
ORD000318,4.0,yes
ORD000319,4.0,No
ORD000320,4.0,No
ORD000321,1.0,No
ORD000322,4.0,NO
ORD000323,2.0,No
ORD000324,4.0,yes
ORD000325,5.0,Yes
ORD000326,3.0,No
ORD000327,4.0,No
ORD000328,5.0,NO
ORD000329,4.0,NO
ORD000330,4.0,Yes
ORD000331,3.0,No
ORD000332,3.0,No
ORD000333,3.0,Unknown
ORD000334,5.0,No
ORD000335,2.0,No
ORD000336,4.0,NO
ORD000337,3.0,No
ORD000338,4.0,No
ORD000339,0.0,Unknown
ORD000340,4.0,Unknown
ORD000341,5.0,Yes
ORD000342,0.0,NO
ORD000343,5.0,Yes
ORD000344,3.0,Unknown
ORD000345,2.0,Yes
ORD000346,4.0,Unknown
ORD000347,4.0,Yes
ORD000348,4.0,Yes
ORD000349,3.0,Unknown
ORD000350,4.0,Unknown
ORD000351,5.0,Yes
ORD000352,5.0,NO
ORD000353,4.0,No
ORD000354,4.0,Unknown
ORD000355,5.0,No
ORD000356,4.0,Unknown
ORD000357,5.0,No
ORD000358,0.0,No
ORD000359,4.0,NO
ORD000360,4.0,Yes
ORD000361,1.0,Yes
ORD000362,3.0,NO
ORD000363,5.0,NO
ORD000364,5.0,Yes
ORD000365,5.0,No
ORD000366,4.0,No
ORD000367,5.0,No
ORD000368,3.0,No
ORD000369,0.0,NO
ORD000370,2.0,Yes
ORD000371,2.0,NO
ORD000372,0.0,No
ORD000373,3.0,No
ORD000374,5.0,Yes
ORD000375,2.0,NO
ORD000376,5.0,Unknown
ORD000377,5.0,Unknown
ORD000378,5.0,No
ORD000379,5.0,No
ORD000380,4.0,NO
ORD000381,4.0,No
ORD000382,3.0,No
ORD000383,4.0,Unknown
ORD000384,4.0,NO
ORD000385,4.0,NO
ORD000386,4.0,Unknown
ORD000387,1.0,No
ORD000388,5.0,NO
ORD000389,4.0,Unknown
ORD000390,2.0,No
ORD000391,3.0,yes
ORD000392,4.0,No
ORD000393,3.0,No
ORD000394,0.0,Unknown
ORD000395,0.0,NO
ORD000396,5.0,No
ORD000397,4.0,Yes
ORD000398,3.0,yes
ORD000399,4.0,Unknown
ORD000400,5.0,NO
ORD000401,4.0,Yes
ORD000402,4.0,No
ORD000403,4.0,yes
ORD000404,5.0,Yes
ORD000405,2.0,yes
ORD000406,4.0,Yes
ORD000407,5.0,NO
ORD000408,0.0,No
ORD000409,0.0,No
ORD000410,4.0,No
ORD000411,3.0,Unknown
ORD000412,2.0,No
ORD000413,2.0,No
ORD000414,5.0,Yes
ORD000415,4.0,No
ORD000416,4.0,NO
ORD000417,0.0,Unknown
ORD000418,2.0,No
ORD000419,3.0,No
ORD000420,2.0,Yes
ORD000421,4.0,No
ORD000422,5.0,Unknown
ORD000423,3.0,Unknown
ORD000424,1.0,Unknown
ORD000425,4.0,No
ORD000426,5.0,Unknown
ORD000427,4.0,Yes
ORD000428,2.0,Yes
ORD000429,0.0,Yes
ORD000430,1.0,No
ORD000431,3.0,Yes
ORD000432,0.0,Unknown
ORD000433,0.0,No
ORD000434,3.0,No
ORD000435,5.0,Yes
ORD000436,4.0,No
ORD000437,4.0,No
ORD000438,1.0,yes
ORD000439,4.0,Yes
ORD000440,0.0,Unknown
ORD000441,0.0,No
ORD000442,4.0,Yes
ORD000443,4.0,Unknown
ORD000444,4.0,No
ORD000445,5.0,yes
ORD000446,4.0,NO
ORD000447,4.0,Unknown
ORD000448,5.0,No
ORD000449,1.0,Unknown
ORD000450,4.0,Yes
ORD000451,4.0,Yes
ORD000452,0.0,No
ORD000453,4.0,No
ORD000454,5.0,NO
ORD000455,5.0,Yes
ORD000456,4.0,yes
ORD000457,5.0,yes
ORD000458,1.0,No
ORD000459,0.0,Yes
ORD000460,5.0,Yes
ORD000461,4.0,No
ORD000462,4.0,Unknown
ORD000463,3.0,Yes
ORD000464,5.0,Unknown
ORD000465,4.0,yes
ORD000466,5.0,Yes
ORD000467,5.0,Unknown
ORD000468,5.0,No
ORD000469,5.0,No
ORD000470,5.0,No
ORD000471,2.0,Yes
ORD000472,5.0,Yes
ORD000473,4.0,No
ORD000474,5.0,No
ORD000475,5.0,yes
ORD000476,4.0,Unknown
ORD000477,2.0,NO
ORD000478,5.0,No
ORD000479,2.0,NO
ORD000480,2.0,No
ORD000481,4.0,NO
ORD000482,3.0,Yes
ORD000483,5.0,No
ORD000484,4.0,Yes
ORD000485,3.0,No
ORD000486,5.0,Unknown
ORD000487,0.0,Yes
ORD000488,4.0,No
ORD000489,5.0,Unknown
ORD000490,5.0,Unknown
ORD000491,5.0,yes
ORD000492,0.0,Yes
ORD000493,0.0,Unknown
ORD000494,2.0,yes
ORD000495,4.0,No
ORD000496,4.0,Unknown
ORD000497,4.0,Yes
ORD000498,5.0,No
ORD000499,5.0,No
ORD000500,5.0,No
ORD000501,5.0,No
ORD000502,3.0,yes
ORD000503,3.0,Yes
ORD000504,3.0,Unknown
ORD000505,5.0,Unknown
ORD000506,0.0,Unknown
ORD000507,5.0,yes
ORD000508,4.0,No
ORD000509,4.0,NO
ORD000510,3.0,No
ORD000511,4.0,No
ORD000512,5.0,No
ORD000513,0.0,NO
ORD000514,4.0,No
ORD000515,1.0,NO
ORD000516,5.0,Unknown
ORD000517,3.0,Unknown
ORD000518,5.0,Unknown
ORD000519,5.0,No
ORD000520,3.0,Unknown
ORD000521,3.0,Yes
ORD000522,4.0,No
ORD000523,4.0,NO
ORD000524,4.0,yes
ORD000525,4.0,Unknown
ORD000526,4.0,Unknown
ORD000527,3.0,NO
ORD000528,5.0,No
ORD000529,1.0,No
ORD000530,5.0,No
ORD000531,2.0,Yes
ORD000532,4.0,Yes
ORD000533,4.0,No
ORD000534,0.0,No
ORD000535,5.0,No
ORD000536,2.0,No
ORD000537,2.0,No
ORD000538,5.0,Unknown
ORD000539,2.0,No
ORD000540,2.0,No
ORD000541,5.0,Unknown
ORD000542,1.0,No
ORD000543,5.0,Yes
ORD000544,4.0,No
ORD000545,4.0,No
ORD000546,2.0,NO
ORD000547,5.0,No
ORD000548,4.0,No
ORD000549,4.0,No
ORD000550,5.0,yes
ORD000551,3.0,Unknown
ORD000552,4.0,Yes
ORD000553,2.0,No
ORD000554,5.0,Unknown
ORD000555,0.0,Unknown
ORD000556,5.0,No
ORD000557,4.0,Yes
ORD000558,4.0,No
ORD000559,4.0,Unknown
ORD000560,3.0,Yes
ORD000561,3.0,No
ORD000562,5.0,NO
ORD000563,5.0,Unknown
ORD000564,0.0,Unknown
ORD000565,4.0,No
ORD000566,5.0,Yes
ORD000567,0.0,Unknown
ORD000568,4.0,No
ORD000569,0.0,Yes
ORD000570,4.0,Yes
ORD000571,5.0,Yes
ORD000572,5.0,No
ORD000573,0.0,Unknown
ORD000574,1.0,NO
ORD000575,5.0,Unknown
ORD000576,3.0,Unknown
ORD000577,5.0,Yes
ORD000578,2.0,No
ORD000579,4.0,Yes
ORD000580,4.0,Yes
ORD000581,4.0,Unknown
ORD000582,5.0,yes
ORD000583,4.0,Yes
ORD000584,5.0,yes
ORD000585,3.0,NO
ORD000586,4.0,No
ORD000587,4.0,Yes
ORD000588,4.0,No
ORD000589,4.0,No
ORD000590,5.0,yes
ORD000591,4.0,Yes
ORD000592,5.0,No
ORD000593,4.0,No
ORD000594,2.0,No
ORD000595,4.0,No
ORD000596,4.0,Yes
ORD000597,5.0,No
ORD000598,0.0,Unknown
ORD000599,4.0,Yes
ORD000600,5.0,No
ORD000601,5.0,Yes
ORD000602,4.0,yes
ORD000603,4.0,Yes
ORD000604,5.0,No
ORD000605,3.0,No
ORD000606,3.0,No
ORD000607,3.0,NO
ORD000608,4.0,No
ORD000609,4.0,NO
ORD000610,0.0,NO
ORD000611,4.0,No
ORD000612,4.0,Unknown
ORD000613,0.0,No
ORD000614,4.0,Yes
ORD000615,4.0,Yes
ORD000616,5.0,Unknown
ORD000617,5.0,Unknown
ORD000618,5.0,No
ORD000619,4.0,No
ORD000620,4.0,Unknown
ORD000621,4.0,Unknown
ORD000622,4.0,Unknown
ORD000623,2.0,No
ORD000624,2.0,NO
ORD000625,5.0,NO
ORD000626,5.0,NO
ORD000627,3.0,Unknown
ORD000628,5.0,No
ORD000629,5.0,Unknown
ORD000630,5.0,No
ORD000631,5.0,yes
ORD000632,4.0,NO
ORD000633,5.0,No
ORD000634,5.0,Yes
ORD000635,5.0,NO
ORD000636,4.0,Yes
ORD000637,4.0,No
ORD000638,5.0,Yes
ORD000639,4.0,Unknown
ORD000640,4.0,No
ORD000641,4.0,Unknown
ORD000642,5.0,No
ORD000643,5.0,Yes
ORD000644,4.0,NO
ORD000645,5.0,NO
ORD000646,4.0,Unknown
ORD000647,4.0,Yes
ORD000648,4.0,Unknown
ORD000649,4.0,Unknown
ORD000650,1.0,Yes
ORD000651,5.0,No
ORD000652,1.0,No
ORD000653,0.0,No
ORD000654,4.0,Unknown
ORD000655,4.0,No
ORD000656,5.0,No
ORD000657,4.0,Yes
ORD000658,1.0,yes
ORD000659,3.0,No
ORD000660,3.0,Unknown
ORD000661,4.0,No
ORD000662,5.0,Unknown
ORD000663,3.0,NO
ORD000664,4.0,No
ORD000665,4.0,Yes
ORD000666,4.0,Yes
ORD000667,4.0,No
ORD000668,4.0,NO
ORD000669,5.0,Unknown
ORD000670,0.0,NO
ORD000671,1.0,Yes
ORD000672,0.0,NO
ORD000673,5.0,No
ORD000674,5.0,No
ORD000675,5.0,Yes
ORD000676,2.0,Yes
ORD000677,4.0,No
ORD000678,2.0,NO
ORD000679,3.0,Unknown
ORD000680,3.0,Unknown
ORD000681,4.0,No
ORD000682,5.0,No
ORD000683,4.0,Unknown
ORD000684,3.0,NO
ORD000685,5.0,yes
ORD000686,5.0,Unknown
ORD000687,5.0,No
ORD000688,5.0,Yes
ORD000689,5.0,No
ORD000690,1.0,Unknown
ORD000691,4.0,Yes
ORD000692,1.0,yes
ORD000693,5.0,Yes
ORD000694,5.0,NO
ORD000695,4.0,Unknown
ORD000696,4.0,Unknown
ORD000697,4.0,Unknown
ORD000698,4.0,No
ORD000699,0.0,No
ORD000700,4.0,No
ORD000701,3.0,Unknown
ORD000702,5.0,No
ORD000703,1.0,Unknown
ORD000704,2.0,Unknown
ORD000705,3.0,No
ORD000706,5.0,Unknown
ORD000707,4.0,Yes
ORD000708,1.0,No
ORD000709,5.0,Yes
ORD000710,0.0,NO
ORD000711,3.0,Unknown
ORD000712,4.0,Unknown
ORD000713,4.0,Yes
ORD000714,5.0,No
ORD000715,1.0,No
ORD000716,3.0,Yes
ORD000717,1.0,No
ORD000718,5.0,No
ORD000719,5.0,NO
ORD000720,4.0,yes
ORD000721,5.0,yes
ORD000722,5.0,No
ORD000723,4.0,No
ORD000724,4.0,No
ORD000725,2.0,Unknown
ORD000726,3.0,No
ORD000727,2.0,yes
ORD000728,5.0,Yes
ORD000729,5.0,Unknown
ORD000730,5.0,No
ORD000731,3.0,Yes
ORD000732,0.0,No
ORD000733,5.0,No
ORD000734,5.0,Unknown
ORD000735,1.0,No
ORD000736,5.0,Unknown
ORD000737,3.0,Yes
ORD000738,4.0,Unknown
ORD000739,4.0,No
ORD000740,5.0,No
ORD000741,4.0,No
ORD000742,0.0,Unknown
ORD000743,5.0,Yes
ORD000744,4.0,Yes
ORD000745,4.0,No
ORD000746,5.0,NO
ORD000747,4.0,No
ORD000748,4.0,Yes
ORD000749,0.0,No
ORD000750,3.0,No
ORD000751,4.0,No
ORD000752,5.0,Unknown
ORD000753,2.0,Unknown
ORD000754,3.0,No
ORD000755,0.0,NO
ORD000756,4.0,No
ORD000757,4.0,Yes
ORD000758,3.0,No
ORD000759,0.0,Yes
ORD000760,2.0,No
ORD000761,5.0,NO
ORD000762,0.0,No
ORD000763,4.0,Yes
ORD000764,0.0,No
ORD000765,4.0,Yes
ORD000766,3.0,Yes
ORD000767,2.0,No
ORD000768,4.0,No
ORD000769,0.0,Unknown
ORD000770,5.0,Unknown
ORD000771,0.0,Yes
ORD000772,3.0,Yes
ORD000773,1.0,No
ORD000774,5.0,No
ORD000775,3.0,No
ORD000776,4.0,No
ORD000777,2.0,Unknown
ORD000778,5.0,No
ORD000779,4.0,NO
ORD000780,5.0,Yes
ORD000781,4.0,Yes
ORD000782,0.0,Unknown
ORD000783,4.0,No
ORD000784,1.0,Yes
ORD000785,0.0,Unknown
ORD000786,5.0,Yes
ORD000787,4.0,Unknown
ORD000788,3.0,yes
ORD000789,5.0,Yes
ORD000790,1.0,No
ORD000791,4.0,Yes
ORD000792,4.0,Unknown
ORD000793,4.0,No
ORD000794,5.0,Yes
ORD000795,3.0,NO
ORD000796,5.0,NO
ORD000797,3.0,No
ORD000798,5.0,Yes
ORD000799,4.0,No
ORD000800,1.0,yes
ORD000801,2.0,No
ORD000802,5.0,No
ORD000803,1.0,Unknown
ORD000804,3.0,NO
ORD000805,4.0,NO
ORD000806,4.0,Unknown
ORD000807,4.0,No
ORD000808,4.0,Unknown
ORD000809,5.0,Unknown
ORD000810,4.0,NO
ORD000811,0.0,Unknown
ORD000812,5.0,Unknown
ORD000813,5.0,No
ORD000814,5.0,NO
ORD000815,4.0,NO
ORD000816,5.0,Yes
ORD000817,2.0,Yes
ORD000818,5.0,Yes
ORD000819,2.0,Unknown
ORD000820,5.0,Unknown
ORD000821,5.0,No
ORD000822,5.0,Yes
ORD000823,4.0,Unknown
ORD000824,4.0,Yes
ORD000825,5.0,yes
ORD000826,1.0,Unknown
ORD000827,2.0,Unknown
ORD000828,5.0,Unknown
ORD000829,5.0,yes
ORD000830,4.0,yes
ORD000831,3.0,Unknown
ORD000832,5.0,yes
ORD000833,5.0,NO
ORD000834,5.0,No
ORD000835,2.0,yes
ORD000836,4.0,No
ORD000837,5.0,Unknown
ORD000838,5.0,NO
ORD000839,5.0,Unknown
ORD000840,5.0,No
ORD000841,2.0,No
ORD000842,5.0,Yes
ORD000843,4.0,Yes
ORD000844,3.0,No
ORD000845,4.0,No
ORD000846,5.0,No
ORD000847,4.0,No
ORD000848,5.0,No
ORD000849,4.0,No
ORD000850,4.0,Unknown
ORD000851,4.0,NO
ORD000852,3.0,No
ORD000853,4.0,Yes
ORD000854,5.0,Yes
ORD000855,4.0,NO
ORD000856,0.0,No
ORD000857,5.0,No
ORD000858,3.0,Unknown
ORD000859,5.0,No
ORD000860,4.0,Unknown
ORD000861,0.0,Yes
ORD000862,3.0,Unknown
ORD000863,4.0,yes
ORD000864,5.0,No
ORD000865,4.0,Yes
ORD000866,3.0,yes
ORD000867,4.0,No
ORD000868,3.0,Unknown
ORD000869,5.0,NO
ORD000870,0.0,NO
ORD000871,2.0,No
ORD000872,4.0,Yes
ORD000873,4.0,No
ORD000874,2.0,No
ORD000875,0.0,No
ORD000876,5.0,Unknown
ORD000877,1.0,Unknown
ORD000878,3.0,NO
ORD000879,2.0,Yes
ORD000880,4.0,No
ORD000881,5.0,Unknown
ORD000882,4.0,NO
ORD000883,4.0,Yes
ORD000884,3.0,No
ORD000885,4.0,No
ORD000886,4.0,No
ORD000887,3.0,Yes
ORD000888,0.0,No
ORD000889,3.0,Unknown
ORD000890,5.0,Yes
ORD000891,5.0,NO
ORD000892,5.0,No
ORD000893,2.0,NO
ORD000894,4.0,No
ORD000895,4.0,Yes
ORD000896,5.0,Yes
ORD000897,2.0,Unknown
ORD000898,2.0,No
ORD000899,4.0,NO
ORD000900,2.0,Yes
ORD000901,2.0,yes
ORD000902,3.0,No
ORD000903,5.0,Yes
ORD000904,4.0,NO
ORD000905,2.0,No
ORD000906,4.0,Yes
ORD000907,5.0,No
ORD000908,4.0,Yes
ORD000909,2.0,Yes
ORD000910,0.0,NO
ORD000911,5.0,Unknown
ORD000912,5.0,No
ORD000913,5.0,Yes
ORD000914,4.0,Yes
ORD000915,2.0,No
ORD000916,0.0,Unknown
ORD000917,4.0,No
ORD000918,4.0,NO
ORD000919,3.0,No
ORD000920,4.0,Yes
ORD000921,3.0,NO
ORD000922,5.0,No
ORD000923,0.0,No
ORD000924,5.0,No
ORD000925,4.0,No
ORD000926,4.0,Yes
ORD000927,4.0,NO
ORD000928,0.0,No
ORD000929,4.0,No
ORD000930,2.0,Unknown
ORD000931,2.0,Yes
ORD000932,4.0,Unknown
ORD000933,4.0,Yes
ORD000934,2.0,Yes
ORD000935,5.0,yes
ORD000936,0.0,No
ORD000937,0.0,Yes
ORD000938,4.0,NO
ORD000939,4.0,Unknown
ORD000940,4.0,NO
ORD000941,3.0,No
ORD000942,5.0,Unknown
ORD000943,5.0,No
ORD000944,0.0,No
ORD000945,0.0,yes
ORD000946,3.0,No
ORD000947,1.0,Yes
ORD000948,4.0,No
ORD000949,1.0,yes
ORD000950,5.0,NO
ORD000951,2.0,No
ORD000952,4.0,No
ORD000953,0.0,Yes
ORD000954,2.0,No
ORD000955,5.0,No
ORD000956,0.0,Unknown
ORD000957,4.0,No
ORD000958,5.0,Unknown
ORD000959,4.0,No
ORD000960,5.0,No
ORD000961,5.0,Unknown
ORD000962,5.0,yes
ORD000963,3.0,Unknown
ORD000964,5.0,No
ORD000965,5.0,Unknown
ORD000966,3.0,Yes
ORD000967,4.0,No
ORD000968,3.0,No
ORD000969,5.0,Unknown
ORD000970,3.0,Unknown
ORD000971,5.0,Yes
ORD000972,5.0,Unknown
ORD000973,4.0,No
ORD000974,0.0,yes
ORD000975,4.0,NO
ORD000976,3.0,NO
ORD000977,5.0,yes
ORD000978,3.0,No
ORD000979,5.0,yes
ORD000980,0.0,No
ORD000981,4.0,Yes
ORD000982,4.0,No
ORD000983,0.0,Unknown
ORD000984,1.0,No
ORD000985,3.0,Unknown
ORD000986,5.0,No
ORD000987,4.0,NO
ORD000988,4.0,No
ORD000989,5.0,Unknown
ORD000990,3.0,Yes
ORD000991,5.0,yes
ORD000992,4.0,yes
ORD000993,4.0,Unknown
ORD000994,5.0,Yes
ORD000995,4.0,No
ORD000996,5.0,Unknown
ORD000997,4.0,Unknown
ORD000998,5.0,Unknown
ORD000999,4.0,Yes
ORD001000,4.0,yes
ORD001001,5.0,No
ORD001002,0.0,Unknown
ORD001003,4.0,No
ORD001004,4.0,No
ORD001005,5.0,NO
ORD001006,4.0,Yes
ORD001007,3.0,yes
ORD001008,1.0,Unknown
ORD001009,4.0,Yes
ORD001010,4.0,No
ORD001011,4.0,Unknown
ORD001012,2.0,Yes
ORD001013,4.0,Yes
ORD001014,5.0,Yes
ORD001015,4.0,Unknown
ORD001016,5.0,No
ORD001017,5.0,No
ORD001018,3.0,Yes
ORD001019,5.0,Unknown
ORD001020,1.0,Unknown
ORD001021,0.0,Unknown
ORD001022,4.0,Unknown
ORD001023,5.0,No
ORD001024,3.0,Unknown
ORD001025,4.0,Unknown
ORD001026,5.0,No
ORD001027,4.0,No
ORD001028,4.0,No
ORD001029,0.0,No
ORD001030,0.0,Unknown
ORD001031,2.0,No
ORD001032,5.0,No
ORD001033,5.0,Yes
ORD001034,0.0,Unknown
ORD001035,5.0,Yes
ORD001036,5.0,No
ORD001037,0.0,Unknown
ORD001038,3.0,No
ORD001039,3.0,No
ORD001040,2.0,Unknown
ORD001041,4.0,Yes
ORD001042,0.0,Unknown
ORD001043,5.0,yes
ORD001044,5.0,NO
ORD001045,5.0,Unknown
ORD001046,2.0,Unknown
ORD001047,3.0,Yes
ORD001048,0.0,Unknown
ORD001049,4.0,NO
ORD001050,4.0,NO
ORD001051,5.0,Yes
ORD001052,5.0,NO
ORD001053,5.0,NO
ORD001054,4.0,NO
ORD001055,0.0,Unknown
ORD001056,4.0,No
ORD001057,4.0,No
ORD001058,4.0,No
ORD001059,4.0,yes
ORD001060,4.0,No
ORD001061,4.0,Yes
ORD001062,2.0,No
ORD001063,3.0,No
ORD001064,4.0,Unknown
ORD001065,4.0,Yes
ORD001066,5.0,No
ORD001067,4.0,Unknown
ORD001068,4.0,yes
ORD001069,1.0,yes
ORD001070,0.0,No
ORD001071,2.0,Yes
ORD001072,0.0,Unknown
ORD001073,4.0,NO
ORD001074,5.0,Yes
ORD001075,4.0,yes
ORD001076,3.0,Unknown
ORD001077,4.0,Yes
ORD001078,2.0,No
ORD001079,5.0,yes
ORD001080,2.0,No
ORD001081,5.0,Yes
ORD001082,5.0,No
ORD001083,4.0,No
ORD001084,4.0,No
ORD001085,5.0,Yes
ORD001086,5.0,No
ORD001087,5.0,No
ORD001088,3.0,Unknown
ORD001089,4.0,yes
ORD001090,5.0,Yes
ORD001091,3.0,No
ORD001092,2.0,NO
ORD001093,4.0,No
ORD001094,0.0,NO
ORD001095,2.0,Yes
ORD001096,4.0,No
ORD001097,2.0,No
ORD001098,5.0,Unknown
ORD001099,4.0,No
ORD001100,0.0,Yes
ORD001101,0.0,Yes
ORD001102,4.0,yes
ORD001103,0.0,No
ORD001104,2.0,NO
ORD001105,4.0,Yes
ORD001106,2.0,No
ORD001107,0.0,Unknown
ORD001108,5.0,Yes
ORD001109,5.0,No
ORD001110,0.0,No
ORD001111,5.0,Unknown
ORD001112,2.0,yes
ORD001113,5.0,No
ORD001114,1.0,No
ORD001115,1.0,No
ORD001116,5.0,No
ORD001117,5.0,Yes
ORD001118,5.0,No
ORD001119,5.0,Yes
ORD001120,4.0,Unknown
ORD001121,4.0,No
ORD001122,4.0,Yes
ORD001123,4.0,Yes
ORD001124,3.0,No
ORD001125,4.0,Unknown
ORD001126,4.0,Yes
ORD001127,0.0,No
ORD001128,4.0,Unknown
ORD001129,4.0,NO
ORD001130,4.0,No
ORD001131,5.0,Yes
ORD001132,4.0,yes
ORD001133,4.0,No
ORD001134,4.0,No
ORD001135,4.0,No
ORD001136,5.0,No
ORD001137,0.0,yes
ORD001138,1.0,Unknown
ORD001139,5.0,NO
ORD001140,3.0,Unknown
ORD001141,4.0,No
ORD001142,5.0,No
ORD001143,4.0,No
ORD001144,0.0,No
ORD001145,5.0,No
ORD001146,5.0,No
ORD001147,0.0,No
ORD001148,3.0,No
ORD001149,4.0,No
ORD001150,5.0,No
ORD001151,4.0,No
ORD001152,3.0,No
ORD001153,4.0,Yes
ORD001154,3.0,No
ORD001155,4.0,Unknown
ORD001156,2.0,NO
ORD001157,4.0,Unknown
ORD001158,5.0,NO
ORD001159,5.0,No
ORD001160,2.0,Yes
ORD001161,4.0,No
ORD001162,4.0,yes
ORD001163,5.0,No
ORD001164,4.0,NO
ORD001165,5.0,NO
ORD001166,5.0,No
ORD001167,5.0,No
ORD001168,4.0,No
ORD001169,4.0,Yes
ORD001170,5.0,NO
ORD001171,4.0,Yes
ORD001172,5.0,Unknown
ORD001173,3.0,Yes
ORD001174,5.0,No
ORD001175,4.0,No
ORD001176,5.0,No
ORD001177,0.0,No
ORD001178,3.0,No
ORD001179,0.0,Unknown
ORD001180,5.0,Unknown
ORD001181,4.0,NO
ORD001182,4.0,Unknown
ORD001183,4.0,No
ORD001184,4.0,No
ORD001185,5.0,No
ORD001186,3.0,No
ORD001187,3.0,No
ORD001188,4.0,Yes
ORD001189,2.0,No
ORD001190,3.0,Yes
ORD001191,1.0,yes
ORD001192,4.0,No
ORD001193,4.0,NO
ORD001194,4.0,Unknown
ORD001195,5.0,No
ORD001196,4.0,No
ORD001197,4.0,Unknown
ORD001198,2.0,Unknown
ORD001199,5.0,Yes
ORD001200,2.0,Yes
ORD001201,4.0,No
ORD001202,3.0,No
ORD001203,5.0,Unknown
ORD001204,5.0,Yes
ORD001205,0.0,Yes
ORD001206,4.0,Yes
ORD001207,2.0,No
ORD001208,4.0,Unknown
ORD001209,5.0,No
ORD001210,4.0,No
ORD001211,5.0,Yes
ORD001212,0.0,Yes
ORD001213,4.0,Unknown
ORD001214,4.0,No
ORD001215,5.0,No
ORD001216,5.0,NO
ORD001217,0.0,Unknown
ORD001218,1.0,Yes
ORD001219,5.0,NO
ORD001220,5.0,No
ORD001221,4.0,Yes
ORD001222,3.0,Yes
ORD001223,5.0,Yes
ORD001224,0.0,Unknown
ORD001225,4.0,Yes
ORD001226,5.0,Yes
ORD001227,4.0,No
ORD001228,4.0,No
ORD001229,3.0,NO
ORD001230,5.0,NO
ORD001231,5.0,No
ORD001232,4.0,Yes
ORD001233,5.0,Yes
ORD001234,5.0,No
ORD001235,3.0,No
ORD001236,3.0,Yes
ORD001237,2.0,Unknown
ORD001238,4.0,NO
ORD001239,4.0,Unknown
ORD001240,3.0,Yes
ORD001241,5.0,Yes
ORD001242,0.0,Unknown
ORD001243,2.0,No
ORD001244,5.0,Yes
ORD001245,4.0,Yes
ORD001246,4.0,Yes
ORD001247,5.0,Yes
ORD001248,4.0,Yes
ORD001249,0.0,Yes
ORD001250,4.0,Yes
ORD001251,0.0,Yes
ORD001252,2.0,No
ORD001253,4.0,No
ORD001254,4.0,Unknown
ORD001255,5.0,Yes
ORD001256,5.0,yes
ORD001257,5.0,yes
ORD001258,4.0,Unknown
ORD001259,4.0,No
ORD001260,5.0,No
ORD001261,5.0,Yes
ORD001262,5.0,NO
ORD001263,5.0,No
ORD001264,2.0,No
ORD001265,5.0,Unknown
ORD001266,5.0,NO
ORD001267,4.0,Unknown
ORD001268,5.0,No
ORD001269,5.0,yes
ORD001270,5.0,Unknown
ORD001271,3.0,NO
ORD001272,0.0,No
ORD001273,5.0,Unknown
ORD001274,4.0,Unknown
ORD001275,5.0,No
ORD001276,5.0,NO
ORD001277,5.0,Unknown
ORD001278,0.0,No
ORD001279,3.0,No
ORD001280,5.0,Yes
ORD001281,4.0,Yes
ORD001282,5.0,yes
ORD001283,2.0,Unknown
ORD001284,4.0,No
ORD001285,0.0,Unknown
ORD001286,4.0,No
ORD001287,5.0,yes
ORD001288,2.0,No
ORD001289,0.0,Yes
ORD001290,2.0,Yes
ORD001291,2.0,yes
ORD001292,0.0,No
ORD001293,5.0,No
ORD001294,3.0,Unknown
ORD001295,4.0,No
ORD001296,5.0,Unknown
ORD001297,4.0,Unknown
ORD001298,3.0,No
ORD001299,4.0,No
ORD001300,2.0,Yes
ORD001301,2.0,No
ORD001302,5.0,No
ORD001303,4.0,yes
ORD001304,5.0,NO
ORD001305,4.0,No
ORD001306,5.0,No
ORD001307,5.0,NO
ORD001308,5.0,Yes
ORD001309,0.0,No
ORD001310,0.0,No
ORD001311,1.0,yes
ORD001312,5.0,No
ORD001313,2.0,yes
ORD001314,4.0,yes
ORD001315,5.0,Unknown
ORD001316,5.0,Yes
ORD001317,5.0,No
ORD001318,4.0,Unknown
ORD001319,4.0,NO
ORD001320,0.0,No
ORD001321,0.0,Unknown
ORD001322,4.0,Yes
ORD001323,5.0,Yes
ORD001324,5.0,Unknown
ORD001325,2.0,Unknown
ORD001326,4.0,Unknown
ORD001327,5.0,No
ORD001328,5.0,NO
ORD001329,2.0,NO
ORD001330,3.0,No
ORD001331,3.0,yes
ORD001332,3.0,No
ORD001333,3.0,Unknown
ORD001334,0.0,Unknown
ORD001335,0.0,Yes
ORD001336,5.0,Yes
ORD001337,0.0,NO
ORD001338,4.0,Unknown
ORD001339,4.0,Yes
ORD001340,4.0,Yes
ORD001341,5.0,Yes
ORD001342,2.0,No
ORD001343,2.0,NO
ORD001344,5.0,No
ORD001345,5.0,Unknown
ORD001346,4.0,Yes
ORD001347,5.0,Yes
ORD001348,4.0,No
ORD001349,4.0,Unknown
ORD001350,4.0,No
ORD001351,5.0,NO
ORD001352,5.0,Yes
ORD001353,3.0,yes
ORD001354,5.0,Yes
ORD001355,4.0,NO
ORD001356,4.0,No
ORD001357,0.0,Unknown
ORD001358,5.0,No
ORD001359,4.0,Yes
ORD001360,5.0,No
ORD001361,1.0,Yes
ORD001362,4.0,yes
ORD001363,4.0,Unknown
ORD001364,0.0,Yes
ORD001365,5.0,Yes
ORD001366,5.0,No
ORD001367,4.0,yes
ORD001368,4.0,Yes
ORD001369,2.0,Unknown
ORD001370,4.0,Unknown
ORD001371,4.0,No
ORD001372,0.0,No
ORD001373,5.0,No
ORD001374,5.0,No
ORD001375,5.0,Yes
ORD001376,5.0,No
ORD001377,0.0,yes
ORD001378,4.0,No
ORD001379,5.0,Yes
ORD001380,4.0,NO
ORD001381,5.0,No
ORD001382,3.0,Yes
ORD001383,5.0,yes
ORD001384,5.0,Unknown
ORD001385,4.0,No
ORD001386,0.0,Yes
ORD001387,4.0,Yes
ORD001388,5.0,Yes
ORD001389,0.0,Yes
ORD001390,2.0,yes
ORD001391,5.0,Yes
ORD001392,2.0,Yes
ORD001393,4.0,No
ORD001394,3.0,NO
ORD001395,5.0,NO
ORD001396,0.0,No
ORD001397,5.0,No
ORD001398,4.0,No
ORD001399,5.0,Yes
ORD001400,4.0,Yes
ORD001401,0.0,Yes
ORD001402,4.0,Yes
ORD001403,5.0,No
ORD001404,1.0,yes
ORD001405,4.0,NO
ORD001406,5.0,No
ORD001407,4.0,yes
ORD001408,3.0,Yes
ORD001409,4.0,No
ORD001410,3.0,Yes
ORD001411,0.0,Unknown
ORD001412,2.0,Yes
ORD001413,2.0,Unknown
ORD001414,3.0,No
ORD001415,4.0,No
ORD001416,4.0,Yes
ORD001417,4.0,No
ORD001418,4.0,Yes
ORD001419,5.0,NO
ORD001420,5.0,No
ORD001421,4.0,No
ORD001422,0.0,No
ORD001423,4.0,No
ORD001424,4.0,Unknown
ORD001425,5.0,No
ORD001426,4.0,NO
ORD001427,4.0,No
ORD001428,0.0,No
ORD001429,2.0,yes
ORD001430,4.0,Unknown
ORD001431,5.0,Unknown
ORD001432,5.0,Unknown
ORD001433,4.0,No
ORD001434,4.0,Unknown
ORD001435,5.0,Yes
ORD001436,0.0,No
ORD001437,4.0,No
ORD001438,1.0,yes
ORD001439,2.0,Yes
ORD001440,0.0,No
ORD001441,5.0,NO
ORD001442,3.0,No
ORD001443,0.0,No
ORD001444,4.0,Yes
ORD001445,5.0,No
ORD001446,5.0,NO
ORD001447,5.0,Unknown
ORD001448,1.0,Unknown
ORD001449,0.0,No
ORD001450,5.0,No
ORD001451,3.0,yes
ORD001452,5.0,No
ORD001453,4.0,No
ORD001454,4.0,No
ORD001455,5.0,No
ORD001456,5.0,No
ORD001457,4.0,Yes
ORD001458,5.0,Yes
ORD001459,5.0,No
ORD001460,0.0,Yes
ORD001461,2.0,NO
ORD001462,4.0,No
ORD001463,3.0,No
ORD001464,4.0,No
ORD001465,5.0,No
ORD001466,4.0,Yes
ORD001467,4.0,NO
ORD001468,3.0,No
ORD001469,4.0,No
ORD001470,4.0,yes
ORD001471,5.0,Unknown
ORD001472,4.0,Yes
ORD001473,2.0,No
ORD001474,4.0,No
ORD001475,5.0,No
ORD001476,5.0,Yes
ORD001477,4.0,No
ORD001478,4.0,No
ORD001479,5.0,No
ORD001480,5.0,NO
ORD001481,4.0,yes
ORD001482,2.0,Yes
ORD001483,3.0,No
ORD001484,5.0,Unknown
ORD001485,2.0,Yes
ORD001486,0.0,No
ORD001487,4.0,Yes
ORD001488,4.0,No
ORD001489,4.0,Unknown
ORD001490,4.0,Unknown
ORD001491,4.0,yes
ORD001492,5.0,Yes
ORD001493,2.0,No
ORD001494,0.0,Yes
ORD001495,4.0,Yes
ORD001496,4.0,No
ORD001497,4.0,No
ORD001498,5.0,No
ORD001499,2.0,NO
ORD001500,5.0,yes
ORD001501,3.0,No
ORD001502,4.0,Unknown
ORD001503,4.0,No
ORD001504,2.0,No
ORD001505,3.0,Unknown
ORD001506,4.0,yes
ORD001507,0.0,No
ORD001508,1.0,No
ORD001509,4.0,No
ORD001510,3.0,Yes
ORD001511,4.0,Unknown
ORD001512,4.0,No
ORD001513,4.0,yes
ORD001514,4.0,NO
ORD001515,0.0,No
ORD001516,4.0,No
ORD001517,5.0,Yes
ORD001518,3.0,Yes
ORD001519,2.0,yes
ORD001520,5.0,Yes
ORD001521,5.0,Yes
ORD001522,5.0,Yes
ORD001523,4.0,Yes
ORD001524,4.0,Yes
ORD001525,4.0,No
ORD001526,5.0,Yes
ORD001527,5.0,NO
ORD001528,4.0,Yes
ORD001529,1.0,No
ORD001530,5.0,Unknown
ORD001531,5.0,yes
ORD001532,5.0,Yes
ORD001533,5.0,Yes
ORD001534,5.0,NO
ORD001535,4.0,No
ORD001536,0.0,Unknown
ORD001537,3.0,NO
ORD001538,4.0,No
ORD001539,3.0,Yes
ORD001540,4.0,Yes
ORD001541,3.0,yes
ORD001542,0.0,No
ORD001543,0.0,Unknown
ORD001544,3.0,Yes
ORD001545,4.0,Yes
ORD001546,3.0,NO
ORD001547,5.0,yes
ORD001548,0.0,NO
ORD001549,0.0,Unknown
ORD001550,3.0,NO
ORD001551,5.0,NO
ORD001552,4.0,Unknown
ORD001553,5.0,Yes
ORD001554,3.0,NO
ORD001555,5.0,Yes
ORD001556,3.0,Unknown
ORD001557,4.0,NO
ORD001558,4.0,No
ORD001559,2.0,No
ORD001560,4.0,No
ORD001561,4.0,Unknown
ORD001562,4.0,No
ORD001563,5.0,Unknown
ORD001564,1.0,Unknown
ORD001565,0.0,No
ORD001566,4.0,Unknown
ORD001567,1.0,No
ORD001568,5.0,NO
ORD001569,5.0,No
ORD001570,4.0,No
ORD001571,4.0,Unknown
ORD001572,5.0,Yes
ORD001573,4.0,Unknown
ORD001574,5.0,Unknown
ORD001575,4.0,No
ORD001576,2.0,No
ORD001577,4.0,Yes
ORD001578,4.0,No
ORD001579,0.0,No
ORD001580,0.0,NO
ORD001581,2.0,yes
ORD001582,0.0,NO
ORD001583,4.0,No
ORD001584,4.0,No
ORD001585,0.0,No
ORD001586,2.0,NO
ORD001587,4.0,No
ORD001588,4.0,Unknown
ORD001589,3.0,NO
ORD001590,3.0,Unknown
ORD001591,5.0,Yes
ORD001592,3.0,No
ORD001593,4.0,NO
ORD001594,4.0,Yes
ORD001595,5.0,Unknown
ORD001596,2.0,No
ORD001597,5.0,Yes
ORD001598,4.0,Yes
ORD001599,0.0,Yes
ORD001600,4.0,yes
ORD001601,2.0,Yes
ORD001602,4.0,No
ORD001603,3.0,Yes
ORD001604,5.0,NO
ORD001605,4.0,Yes
ORD001606,3.0,NO
ORD001607,4.0,yes
ORD001608,5.0,No
ORD001609,3.0,Unknown
ORD001610,5.0,No
ORD001611,3.0,Unknown
ORD001612,4.0,No
ORD001613,4.0,Unknown
ORD001614,0.0,NO
ORD001615,4.0,Yes
ORD001616,2.0,Yes
ORD001617,4.0,No
ORD001618,0.0,No
ORD001619,4.0,NO
ORD001620,4.0,Unknown
ORD001621,5.0,NO
ORD001622,4.0,No
ORD001623,2.0,Unknown
ORD001624,0.0,No
ORD001625,4.0,Yes
ORD001626,4.0,Yes
ORD001627,4.0,Unknown
ORD001628,4.0,yes
ORD001629,4.0,Yes
ORD001630,5.0,No
ORD001631,5.0,Yes
ORD001632,4.0,Yes
ORD001633,3.0,No
ORD001634,2.0,No
ORD001635,1.0,Yes
ORD001636,4.0,NO
ORD001637,5.0,No
ORD001638,0.0,No
ORD001639,4.0,No
ORD001640,4.0,No
ORD001641,5.0,Unknown
ORD001642,4.0,No
ORD001643,4.0,NO
ORD001644,5.0,No
ORD001645,4.0,Yes
ORD001646,3.0,Unknown
ORD001647,4.0,yes
ORD001648,4.0,Unknown
ORD001649,0.0,Yes
ORD001650,0.0,No
ORD001651,4.0,No
ORD001652,4.0,Yes
ORD001653,4.0,No
ORD001654,4.0,Yes
ORD001655,4.0,Yes
ORD001656,2.0,No
ORD001657,4.0,No
ORD001658,3.0,Yes
ORD001659,4.0,Yes
ORD001660,5.0,NO
ORD001661,5.0,Unknown
ORD001662,4.0,Unknown
ORD001663,2.0,Yes
ORD001664,5.0,Unknown
ORD001665,0.0,No
ORD001666,1.0,No
ORD001667,5.0,yes
ORD001668,4.0,No
ORD001669,3.0,Unknown
ORD001670,4.0,Yes
ORD001671,0.0,NO
ORD001672,3.0,NO
ORD001673,5.0,Unknown
ORD001674,4.0,Unknown
ORD001675,5.0,NO
ORD001676,0.0,No
ORD001677,4.0,No
ORD001678,2.0,No
ORD001679,4.0,Yes
ORD001680,3.0,No
ORD001681,3.0,NO
ORD001682,4.0,yes
ORD001683,5.0,NO
ORD001684,4.0,No
ORD001685,0.0,Unknown
ORD001686,5.0,No
ORD001687,5.0,yes
ORD001688,5.0,Yes
ORD001689,5.0,yes
ORD001690,5.0,Yes
ORD001691,4.0,NO
ORD001692,4.0,No
ORD001693,5.0,Yes
ORD001694,5.0,yes
ORD001695,4.0,NO
ORD001696,5.0,Yes
ORD001697,0.0,No
ORD001698,2.0,No
ORD001699,2.0,Yes
ORD001700,3.0,Unknown
ORD001701,5.0,NO
ORD001702,4.0,No
ORD001703,4.0,Unknown
ORD001704,3.0,No
ORD001705,4.0,Unknown
ORD001706,1.0,Yes
ORD001707,4.0,Yes
ORD001708,0.0,yes
ORD001709,5.0,Yes
ORD001710,5.0,Unknown
ORD001711,0.0,No
ORD001712,2.0,Yes
ORD001713,4.0,Yes
ORD001714,4.0,No
ORD001715,3.0,No
ORD001716,4.0,No
ORD001717,2.0,Yes
ORD001718,4.0,NO
ORD001719,4.0,Yes
ORD001720,5.0,yes
ORD001721,4.0,Yes
ORD001722,5.0,Unknown
ORD001723,0.0,Yes
ORD001724,4.0,Unknown
ORD001725,4.0,No
ORD001726,5.0,No
ORD001727,3.0,Unknown
ORD001728,5.0,No
ORD001729,4.0,No
ORD001730,5.0,No
ORD001731,4.0,Unknown
ORD001732,3.0,No
ORD001733,0.0,No
ORD001734,4.0,No
ORD001735,5.0,No
ORD001736,5.0,No
ORD001737,5.0,NO
ORD001738,0.0,No
ORD001739,4.0,No
ORD001740,4.0,yes
ORD001741,4.0,Yes
ORD001742,5.0,Unknown
ORD001743,4.0,NO
ORD001744,3.0,No
ORD001745,4.0,No
ORD001746,5.0,Yes
ORD001747,4.0,No
ORD001748,0.0,yes
ORD001749,4.0,Yes
ORD001750,4.0,NO
ORD001751,1.0,Yes
ORD001752,5.0,No
ORD001753,5.0,Yes
ORD001754,3.0,No
ORD001755,5.0,No
ORD001756,2.0,Yes
ORD001757,5.0,Yes
ORD001758,1.0,No
ORD001759,5.0,Unknown
ORD001760,4.0,No
ORD001761,5.0,Yes
ORD001762,5.0,No
ORD001763,4.0,NO
ORD001764,5.0,Unknown
ORD001765,4.0,Unknown
ORD001766,4.0,Yes
ORD001767,4.0,No
ORD001768,5.0,Yes
ORD001769,3.0,Yes
ORD001770,5.0,No
ORD001771,0.0,No
ORD001772,4.0,yes
ORD001773,0.0,Unknown
ORD001774,4.0,No
ORD001775,1.0,Yes
ORD001776,1.0,No
ORD001777,4.0,Yes
ORD001778,4.0,Unknown
ORD001779,5.0,NO
ORD001780,4.0,Yes
ORD001781,3.0,Unknown
ORD001782,4.0,NO
ORD001783,4.0,No
ORD001784,0.0,No
ORD001785,5.0,No
ORD001786,5.0,Unknown
ORD001787,5.0,No
ORD001788,4.0,yes
ORD001789,2.0,NO
ORD001790,4.0,NO
ORD001791,4.0,NO
ORD001792,5.0,Unknown
ORD001793,4.0,yes
ORD001794,3.0,No
ORD001795,3.0,Unknown
ORD001796,5.0,NO
ORD001797,3.0,Yes
ORD001798,5.0,Yes
ORD001799,1.0,Unknown
ORD001800,4.0,NO
ORD001801,3.0,No
ORD001802,4.0,Unknown
ORD001803,4.0,No
ORD001804,3.0,Yes
ORD001805,2.0,Unknown
ORD001806,4.0,Unknown
ORD001807,1.0,No
ORD001808,4.0,Yes
ORD001809,4.0,No
ORD001810,0.0,No
ORD001811,4.0,NO
ORD001812,4.0,No
ORD001813,4.0,No
ORD001814,4.0,Yes
ORD001815,4.0,No
ORD001816,3.0,NO
ORD001817,0.0,NO
ORD001818,4.0,Yes
ORD001819,2.0,yes
ORD001820,2.0,Yes
ORD001821,4.0,yes
ORD001822,1.0,Unknown
ORD001823,4.0,No
ORD001824,5.0,yes
ORD001825,4.0,No
ORD001826,5.0,Unknown
ORD001827,5.0,Yes
ORD001828,4.0,Yes
ORD001829,5.0,No
ORD001830,3.0,No
ORD001831,5.0,Unknown
ORD001832,5.0,Yes
ORD001833,5.0,No
ORD001834,3.0,No
ORD001835,3.0,Yes
ORD001836,4.0,No
ORD001837,3.0,NO
ORD001838,5.0,Yes
ORD001839,5.0,NO
ORD001840,3.0,Yes
ORD001841,0.0,NO
ORD001842,0.0,Yes
ORD001843,1.0,NO
ORD001844,1.0,yes
ORD001845,5.0,No
ORD001846,4.0,Unknown
ORD001847,3.0,No
ORD001848,5.0,No
ORD001849,5.0,Unknown
ORD001850,5.0,Yes
ORD001851,2.0,No
ORD001852,4.0,No
ORD001853,5.0,NO
ORD001854,1.0,No
ORD001855,3.0,No
ORD001856,1.0,No
ORD001857,0.0,Yes
ORD001858,2.0,No
ORD001859,3.0,No
ORD001860,5.0,No
ORD001861,4.0,Yes
ORD001862,4.0,NO
ORD001863,4.0,No
ORD001864,4.0,yes
ORD001865,4.0,Unknown
ORD001866,4.0,Unknown
ORD001867,5.0,Yes
ORD001868,0.0,No
ORD001869,4.0,Yes
ORD001870,4.0,Unknown
ORD001871,4.0,Unknown
ORD001872,4.0,NO
ORD001873,2.0,NO
ORD001874,3.0,yes
ORD001875,5.0,Unknown
ORD001876,5.0,Unknown
ORD001877,1.0,Unknown
ORD001878,4.0,No
ORD001879,4.0,NO
ORD001880,4.0,NO
ORD001881,4.0,yes
ORD001882,3.0,Unknown
ORD001883,4.0,No
ORD001884,4.0,No
ORD001885,0.0,No
ORD001886,5.0,No
ORD001887,4.0,Yes
ORD001888,0.0,Unknown
ORD001889,5.0,No
ORD001890,3.0,yes
ORD001891,3.0,Yes
ORD001892,4.0,Unknown
ORD001893,4.0,Unknown
ORD001894,3.0,Yes
ORD001895,1.0,No
ORD001896,2.0,Unknown
ORD001897,5.0,No
ORD001898,3.0,Yes
ORD001899,2.0,Yes
ORD001900,4.0,No
ORD001901,4.0,Yes
ORD001902,4.0,Yes
ORD001903,4.0,Yes
ORD001904,5.0,No
ORD001905,1.0,No
ORD001906,5.0,No
ORD001907,5.0,Yes
ORD001908,4.0,No
ORD001909,4.0,No
ORD001910,4.0,No
ORD001911,0.0,Unknown
ORD001912,5.0,Yes
ORD001913,5.0,No
ORD001914,0.0,NO
ORD001915,1.0,Yes
ORD001916,4.0,yes
ORD001917,0.0,yes
ORD001918,4.0,NO
ORD001919,4.0,Unknown
ORD001920,5.0,Unknown
ORD001921,5.0,Yes
ORD001922,3.0,No
ORD001923,4.0,yes
ORD001924,5.0,NO
ORD001925,0.0,No
ORD001926,4.0,Yes
ORD001927,4.0,No
ORD001928,4.0,yes
ORD001929,1.0,Unknown
ORD001930,5.0,No
ORD001931,4.0,yes
ORD001932,0.0,No
ORD001933,5.0,Unknown
ORD001934,5.0,Yes
ORD001935,5.0,No
ORD001936,4.0,No
ORD001937,2.0,Yes
ORD001938,0.0,NO
ORD001939,2.0,Unknown
ORD001940,4.0,Yes
ORD001941,5.0,yes
ORD001942,5.0,No
ORD001943,5.0,NO
ORD001944,0.0,Yes
ORD001945,2.0,No
ORD001946,5.0,Yes
ORD001947,2.0,NO
ORD001948,4.0,No
ORD001949,1.0,NO
ORD001950,5.0,yes
ORD001951,0.0,Yes
ORD001952,5.0,Unknown
ORD001953,4.0,Unknown
ORD001954,1.0,Unknown
ORD001955,3.0,No
ORD001956,3.0,Yes
ORD001957,5.0,NO
ORD001958,4.0,Yes
ORD001959,5.0,Unknown
ORD001960,4.0,yes
ORD001961,5.0,Yes
ORD001962,4.0,yes
ORD001963,5.0,Unknown
ORD001964,4.0,NO
ORD001965,4.0,Yes
ORD001966,5.0,yes
ORD001967,3.0,NO
ORD001968,4.0,No
ORD001969,4.0,No
ORD001970,5.0,Yes
ORD001971,5.0,No
ORD001972,4.0,Yes
ORD001973,5.0,Yes
ORD001974,0.0,NO
ORD001975,4.0,NO
ORD001976,5.0,No
ORD001977,3.0,Unknown
ORD001978,5.0,Yes
ORD001979,4.0,Yes
ORD001980,4.0,No
ORD001981,5.0,yes
ORD001982,0.0,Unknown
ORD001983,5.0,Yes
ORD001984,5.0,Yes
ORD001985,4.0,No
ORD001986,4.0,No
ORD001987,4.0,Yes
ORD001988,2.0,No
ORD001989,5.0,NO
ORD001990,0.0,Yes
ORD001991,5.0,No
ORD001992,5.0,No
ORD001993,4.0,Yes
ORD001994,5.0,No
ORD001995,0.0,yes
ORD001996,0.0,Yes
ORD001997,2.0,No
ORD001998,5.0,No
ORD001999,4.0,No
ORD002000,5.0,No
ORD002001,5.0,No
ORD002002,3.0,yes
ORD002003,5.0,Yes
ORD002004,5.0,No
ORD002005,4.0,Yes
ORD002006,4.0,Unknown
ORD002007,2.0,Unknown
ORD002008,0.0,Yes
ORD002009,3.0,No
ORD002010,5.0,Unknown
ORD002011,4.0,No
ORD002012,4.0,No
ORD002013,3.0,No
ORD002014,3.0,yes
ORD002015,4.0,No
ORD002016,4.0,Unknown
ORD002017,4.0,Yes
ORD002018,5.0,No
ORD002019,5.0,Unknown
ORD002020,2.0,Unknown
ORD002021,5.0,No
ORD002022,0.0,yes
ORD002023,5.0,Unknown
ORD002024,2.0,Unknown
ORD002025,1.0,Yes
ORD002026,5.0,NO
ORD002027,0.0,Yes
ORD002028,2.0,Unknown
ORD002029,5.0,Unknown
ORD002030,5.0,Yes
ORD002031,4.0,No
ORD002032,4.0,No
ORD002033,4.0,yes
ORD002034,5.0,No
ORD002035,1.0,Unknown
ORD002036,5.0,Yes
ORD002037,3.0,Yes
ORD002038,4.0,No
ORD002039,5.0,Unknown
ORD002040,5.0,No
ORD002041,5.0,No
ORD002042,0.0,No
ORD002043,3.0,No
ORD002044,4.0,yes
ORD002045,4.0,No
ORD002046,2.0,Unknown
ORD002047,5.0,No
ORD002048,5.0,Yes
ORD002049,4.0,No
ORD002050,5.0,Yes
ORD002051,4.0,No
ORD002052,4.0,Unknown
ORD002053,3.0,No
ORD002054,4.0,No
ORD002055,2.0,Unknown
ORD002056,4.0,yes
ORD002057,5.0,Yes
ORD002058,5.0,No
ORD002059,4.0,No
ORD002060,5.0,Yes
ORD002061,0.0,No
ORD002062,1.0,Unknown
ORD002063,5.0,Yes
ORD002064,4.0,Unknown
ORD002065,3.0,No
ORD002066,4.0,Yes
ORD002067,5.0,Yes
ORD002068,3.0,No
ORD002069,5.0,Unknown
ORD002070,4.0,Unknown
ORD002071,4.0,Yes
ORD002072,4.0,Unknown
ORD002073,4.0,yes
ORD002074,2.0,No
ORD002075,2.0,Yes
ORD002076,4.0,No
ORD002077,1.0,Unknown
ORD002078,3.0,Yes
ORD002079,4.0,No
ORD002080,4.0,Yes
ORD002081,5.0,yes
ORD002082,5.0,No
ORD002083,5.0,No
ORD002084,4.0,Yes
ORD002085,1.0,Unknown
ORD002086,4.0,Yes
ORD002087,4.0,Unknown
ORD002088,2.0,No
ORD002089,4.0,Yes
ORD002090,4.0,yes
ORD002091,4.0,NO
ORD002092,1.0,No
ORD002093,4.0,yes
ORD002094,0.0,NO
ORD002095,0.0,Yes
ORD002096,4.0,NO
ORD002097,5.0,NO
ORD002098,4.0,No
ORD002099,2.0,Yes
ORD002100,5.0,No
ORD002101,5.0,Yes
ORD002102,4.0,Unknown
ORD002103,4.0,Yes
ORD002104,2.0,No
ORD002105,4.0,Yes
ORD002106,4.0,yes
ORD002107,5.0,NO
ORD002108,0.0,NO
ORD002109,2.0,No
ORD002110,5.0,Yes
ORD002111,4.0,No
ORD002112,5.0,No
ORD002113,2.0,NO
ORD002114,5.0,Unknown
ORD002115,3.0,yes
ORD002116,4.0,No
ORD002117,2.0,Yes
ORD002118,0.0,Yes
ORD002119,5.0,Unknown
ORD002120,4.0,NO
ORD002121,2.0,No
ORD002122,4.0,NO
ORD002123,4.0,Yes
ORD002124,3.0,No
ORD002125,4.0,yes
ORD002126,2.0,No
ORD002127,3.0,NO
ORD002128,2.0,Yes
ORD002129,2.0,Unknown
ORD002130,5.0,yes
ORD002131,0.0,Unknown
ORD002132,3.0,Unknown
ORD002133,0.0,No
ORD002134,4.0,NO
ORD002135,5.0,NO
ORD002136,4.0,NO
ORD002137,2.0,No
ORD002138,0.0,No
ORD002139,4.0,No
ORD002140,0.0,Unknown
ORD002141,5.0,NO
ORD002142,4.0,Yes
ORD002143,5.0,Yes
ORD002144,5.0,No
ORD002145,5.0,No
ORD002146,1.0,No
ORD002147,4.0,Yes
ORD002148,1.0,Yes
ORD002149,2.0,No
ORD002150,4.0,yes
ORD002151,3.0,Yes
ORD002152,4.0,Unknown
ORD002153,5.0,Yes
ORD002154,4.0,No
ORD002155,2.0,Unknown
ORD002156,0.0,Yes
ORD002157,3.0,Yes
ORD002158,3.0,Yes
ORD002159,3.0,NO
ORD002160,5.0,Unknown
ORD002161,1.0,No
ORD002162,1.0,Yes
ORD002163,5.0,No
ORD002164,3.0,Yes
ORD002165,4.0,NO
ORD002166,4.0,Yes
ORD002167,3.0,Yes
ORD002168,5.0,Unknown
ORD002169,5.0,yes
ORD002170,4.0,NO
ORD002171,3.0,Unknown
ORD002172,5.0,Yes
ORD002173,4.0,Yes
ORD002174,5.0,No
ORD002175,4.0,No
ORD002176,5.0,yes
ORD002177,3.0,No
ORD002178,5.0,yes
ORD002179,4.0,NO
ORD002180,2.0,yes
ORD002181,0.0,Yes
ORD002182,5.0,yes
ORD002183,3.0,No
ORD002184,5.0,NO
ORD002185,0.0,No
ORD002186,4.0,NO
ORD002187,4.0,Yes
ORD002188,4.0,No
ORD002189,5.0,No
ORD002190,0.0,No
ORD002191,4.0,Yes
ORD002192,5.0,yes
ORD002193,4.0,No
ORD002194,5.0,Yes
ORD002195,4.0,Yes
ORD002196,0.0,No
ORD002197,4.0,No
ORD002198,3.0,Unknown
ORD002199,4.0,Unknown
ORD002200,3.0,NO
ORD002201,4.0,NO
ORD002202,0.0,No
ORD002203,5.0,Unknown
ORD002204,4.0,No
ORD002205,0.0,Unknown
ORD002206,5.0,Unknown
ORD002207,4.0,No
ORD002208,2.0,No
ORD002209,4.0,Yes
ORD002210,0.0,No
ORD002211,2.0,Unknown
ORD002212,2.0,No
ORD002213,5.0,No
ORD002214,4.0,Unknown
ORD002215,5.0,Yes
ORD002216,3.0,Unknown
ORD002217,4.0,No
ORD002218,5.0,No
ORD002219,5.0,No
ORD002220,4.0,No
ORD002221,4.0,No
ORD002222,5.0,Unknown
ORD002223,4.0,Unknown
ORD002224,0.0,No
ORD002225,4.0,No
ORD002226,4.0,yes
ORD002227,1.0,No
ORD002228,5.0,Yes
ORD002229,4.0,Unknown
ORD002230,4.0,Yes
ORD002231,2.0,Unknown
ORD002232,5.0,Unknown
ORD002233,5.0,Yes
ORD002234,4.0,No
ORD002235,4.0,Unknown
ORD002236,1.0,No
ORD002237,4.0,Yes
ORD002238,5.0,No
ORD002239,5.0,No
ORD002240,5.0,Unknown
ORD002241,5.0,yes
ORD002242,4.0,Unknown
ORD002243,5.0,Yes
ORD002244,4.0,NO
ORD002245,4.0,No
ORD002246,3.0,No
ORD002247,4.0,No
ORD002248,5.0,yes
ORD002249,2.0,No
ORD002250,5.0,No
ORD002251,0.0,Yes
ORD002252,4.0,Yes
ORD002253,5.0,yes
ORD002254,4.0,Yes
ORD002255,0.0,NO
ORD002256,4.0,No
ORD002257,4.0,Yes
ORD002258,4.0,NO
ORD002259,5.0,yes
ORD002260,5.0,Yes
ORD002261,5.0,No
ORD002262,4.0,No
ORD002263,3.0,NO
ORD002264,3.0,Unknown
ORD002265,4.0,Yes
ORD002266,2.0,Unknown
ORD002267,0.0,yes
ORD002268,4.0,NO
ORD002269,0.0,Yes
ORD002270,5.0,No
ORD002271,5.0,Unknown
ORD002272,4.0,No
ORD002273,5.0,No
ORD002274,4.0,No
ORD002275,2.0,No
ORD002276,4.0,No
ORD002277,4.0,Unknown
ORD002278,5.0,Unknown
ORD002279,5.0,yes
ORD002280,1.0,Yes
ORD002281,4.0,No
ORD002282,3.0,No
ORD002283,4.0,No
ORD002284,3.0,Unknown
ORD002285,5.0,No
ORD002286,5.0,Yes
ORD002287,4.0,yes
ORD002288,5.0,Yes
ORD002289,5.0,yes
ORD002290,5.0,NO
ORD002291,0.0,Yes
ORD002292,1.0,yes
ORD002293,3.0,Unknown
ORD002294,4.0,Yes
ORD002295,0.0,No
ORD002296,5.0,Yes
ORD002297,5.0,Yes
ORD002298,4.0,Unknown
ORD002299,0.0,NO
ORD002300,4.0,Yes
ORD002301,2.0,Unknown
ORD002302,5.0,No
ORD002303,4.0,Unknown
ORD002304,1.0,Yes
ORD002305,0.0,Yes
ORD002306,3.0,No
ORD002307,5.0,yes
ORD002308,4.0,NO
ORD002309,3.0,Yes
ORD002310,4.0,Yes
ORD002311,4.0,Yes
ORD002312,1.0,NO
ORD002313,5.0,Unknown
ORD002314,5.0,Unknown
ORD002315,5.0,yes
ORD002316,4.0,Yes
ORD002317,5.0,No
ORD002318,0.0,No
ORD002319,4.0,yes
ORD002320,4.0,Yes
ORD002321,2.0,NO
ORD002322,5.0,NO
ORD002323,0.0,No
ORD002324,4.0,NO
ORD002325,2.0,Unknown
ORD002326,4.0,Yes
ORD002327,4.0,yes
ORD002328,2.0,Unknown
ORD002329,4.0,Yes
ORD002330,2.0,yes
ORD002331,5.0,Yes
ORD002332,5.0,No
ORD002333,5.0,No
ORD002334,4.0,Yes
ORD002335,5.0,Yes
ORD002336,4.0,No
ORD002337,5.0,Yes
ORD002338,4.0,No
ORD002339,5.0,NO
ORD002340,2.0,Yes
ORD002341,4.0,Yes
ORD002342,4.0,Yes
ORD002343,4.0,No
ORD002344,4.0,NO
ORD002345,1.0,No
ORD002346,0.0,No
ORD002347,4.0,NO
ORD002348,5.0,NO
ORD002349,5.0,Yes
ORD002350,4.0,Yes
ORD002351,5.0,Unknown
ORD002352,4.0,No
ORD002353,4.0,No
ORD002354,3.0,yes
ORD002355,5.0,Unknown
ORD002356,3.0,Unknown
ORD002357,0.0,Yes
ORD002358,5.0,No
ORD002359,4.0,No
ORD002360,2.0,Unknown
ORD002361,5.0,yes
ORD002362,5.0,Yes
ORD002363,5.0,Yes
ORD002364,4.0,No
ORD002365,4.0,No
ORD002366,4.0,Yes
ORD002367,5.0,No
ORD002368,5.0,No
ORD002369,3.0,NO
ORD002370,1.0,Yes
ORD002371,5.0,No
ORD002372,5.0,No
ORD002373,3.0,NO
ORD002374,2.0,Yes
ORD002375,5.0,Yes
ORD002376,4.0,Yes
ORD002377,1.0,Yes
ORD002378,5.0,No
ORD002379,5.0,Yes
ORD002380,4.0,No
ORD002381,4.0,No
ORD002382,4.0,No
ORD002383,5.0,No
ORD002384,4.0,Yes
ORD002385,4.0,yes
ORD002386,5.0,NO
ORD002387,5.0,Unknown
ORD002388,4.0,No
ORD002389,5.0,Yes
ORD002390,5.0,No
ORD002391,4.0,Yes
ORD002392,4.0,yes
ORD002393,2.0,No
ORD002394,2.0,Unknown
ORD002395,5.0,No
ORD002396,2.0,Unknown
ORD002397,5.0,No
ORD002398,5.0,No
ORD002399,5.0,NO
ORD002400,4.0,No
ORD002401,5.0,yes
ORD002402,4.0,No
ORD002403,5.0,Yes
ORD002404,4.0,No
ORD002405,4.0,No
ORD002406,5.0,Unknown
ORD002407,4.0,No
ORD002408,5.0,Yes
ORD002409,4.0,Yes
ORD002410,5.0,Unknown
ORD002411,1.0,Unknown
ORD002412,2.0,yes
ORD002413,5.0,No
ORD002414,2.0,Unknown
ORD002415,4.0,Yes
ORD002416,3.0,NO
ORD002417,4.0,Yes
ORD002418,4.0,No
ORD002419,4.0,No
ORD002420,2.0,Yes
ORD002421,5.0,No
ORD002422,4.0,Unknown
ORD002423,1.0,Unknown
ORD002424,4.0,Yes
ORD002425,4.0,Yes
ORD002426,5.0,No
ORD002427,3.0,No
ORD002428,5.0,Unknown
ORD002429,4.0,Unknown
ORD002430,4.0,Yes
ORD002431,5.0,NO
ORD002432,5.0,Unknown
ORD002433,4.0,Yes
ORD002434,1.0,yes
ORD002435,4.0,Unknown
ORD002436,4.0,Unknown
ORD002437,4.0,Yes
ORD002438,0.0,Yes
ORD002439,3.0,No
ORD002440,3.0,No
ORD002441,4.0,Yes
ORD002442,4.0,yes
ORD002443,0.0,No
ORD002444,5.0,NO
ORD002445,5.0,Unknown
ORD002446,3.0,No
ORD002447,2.0,No
ORD002448,4.0,Unknown
ORD002449,4.0,yes
ORD002450,2.0,Unknown
ORD002451,1.0,Unknown
ORD002452,4.0,Yes
ORD002453,5.0,Unknown
ORD002454,3.0,Yes
ORD002455,5.0,No
ORD002456,5.0,yes
ORD002457,5.0,No
ORD002458,4.0,No
ORD002459,2.0,No
ORD002460,5.0,Yes
ORD002461,0.0,Yes
ORD002462,4.0,NO
ORD002463,5.0,Yes
ORD002464,5.0,NO
ORD002465,1.0,Unknown
ORD002466,4.0,NO
ORD002467,3.0,Unknown
ORD002468,4.0,NO
ORD002469,4.0,Unknown
ORD002470,5.0,Unknown
ORD002471,5.0,No
ORD002472,2.0,yes
ORD002473,3.0,No
ORD002474,4.0,Yes
ORD002475,5.0,Unknown
ORD002476,2.0,No
ORD002477,5.0,NO
ORD002478,4.0,Yes
ORD002479,4.0,NO
ORD002480,2.0,Yes
ORD002481,5.0,No
ORD002482,3.0,Yes
ORD002483,5.0,Yes
ORD002484,0.0,Unknown
ORD002485,4.0,Unknown
ORD002486,4.0,No
ORD002487,3.0,No
ORD002488,5.0,Unknown
ORD002489,1.0,No
ORD002490,5.0,NO
ORD002491,4.0,Unknown
ORD002492,4.0,No
ORD002493,4.0,No
ORD002494,1.0,yes
ORD002495,4.0,Unknown
ORD002496,2.0,yes
ORD002497,2.0,Yes
ORD002498,5.0,Unknown
ORD002499,3.0,Unknown
ORD002500,3.0,yes
ORD002501,1.0,Yes
ORD002502,5.0,No
ORD002503,4.0,No
ORD002504,5.0,Yes
ORD002505,1.0,No
ORD002506,4.0,No
ORD002507,4.0,Unknown
ORD002508,4.0,yes
ORD002509,5.0,Unknown
ORD002510,4.0,Unknown
ORD002511,0.0,Unknown
ORD002512,5.0,No
ORD002513,5.0,Unknown
ORD002514,4.0,No
ORD002515,4.0,NO
ORD002516,4.0,Yes
ORD002517,5.0,No
ORD002518,5.0,No
ORD002519,0.0,No
ORD002520,4.0,No
ORD002521,4.0,No
ORD002522,2.0,Unknown
ORD002523,5.0,Unknown
ORD002524,5.0,Yes
ORD002525,4.0,No
ORD002526,5.0,Yes
ORD002527,5.0,NO
ORD002528,4.0,No
ORD002529,3.0,Unknown
ORD002530,5.0,Yes
ORD002531,4.0,No
ORD002532,5.0,Unknown
ORD002533,5.0,Yes
ORD002534,4.0,Unknown
ORD002535,3.0,NO
ORD002536,2.0,Unknown
ORD002537,5.0,NO
ORD002538,4.0,Unknown
ORD002539,4.0,Yes
ORD002540,0.0,Unknown
ORD002541,2.0,No
ORD002542,5.0,No
ORD002543,5.0,Unknown
ORD002544,5.0,Yes
ORD002545,5.0,NO
ORD002546,4.0,No
ORD002547,4.0,Unknown
ORD002548,4.0,Yes
ORD002549,5.0,yes
ORD002550,4.0,Unknown
ORD002551,5.0,Yes
ORD002552,4.0,No
ORD002553,4.0,Yes
ORD002554,5.0,Yes
ORD002555,0.0,Yes
ORD002556,3.0,Yes
ORD002557,2.0,NO
ORD002558,4.0,yes
ORD002559,5.0,NO
ORD002560,3.0,No
ORD002561,4.0,No
ORD002562,5.0,NO
ORD002563,4.0,No
ORD002564,0.0,No
ORD002565,4.0,yes
ORD002566,4.0,Yes
ORD002567,4.0,Yes
ORD002568,1.0,No
ORD002569,3.0,No
ORD002570,4.0,No
ORD002571,4.0,NO
ORD002572,5.0,NO
ORD002573,5.0,NO
ORD002574,4.0,Unknown
ORD002575,0.0,NO
ORD002576,4.0,Yes
ORD002577,4.0,Yes
ORD002578,4.0,No
ORD002579,4.0,No
ORD002580,5.0,Unknown
ORD002581,2.0,Yes
ORD002582,0.0,Unknown
ORD002583,4.0,Unknown
ORD002584,4.0,No
ORD002585,5.0,No
ORD002586,4.0,No
ORD002587,3.0,yes
ORD002588,4.0,Unknown
ORD002589,2.0,Yes
ORD002590,5.0,No
ORD002591,2.0,NO
ORD002592,4.0,Yes
ORD002593,4.0,No
ORD002594,3.0,No
ORD002595,4.0,Yes
ORD002596,5.0,Unknown
ORD002597,3.0,yes
ORD002598,3.0,yes
ORD002599,5.0,No
ORD002600,5.0,yes
ORD002601,0.0,No
ORD002602,5.0,NO
ORD002603,4.0,No
ORD002604,5.0,Yes
ORD002605,5.0,Unknown
ORD002606,5.0,Yes
ORD002607,0.0,Yes
ORD002608,1.0,NO
ORD002609,4.0,NO
ORD002610,1.0,No
ORD002611,5.0,Yes
ORD002612,5.0,Unknown
ORD002613,5.0,Yes
ORD002614,4.0,No
ORD002615,5.0,No
ORD002616,4.0,No
ORD002617,4.0,No
ORD002618,3.0,Unknown
ORD002619,0.0,Unknown
ORD002620,4.0,Unknown
ORD002621,3.0,No
ORD002622,4.0,NO
ORD002623,4.0,Yes
ORD002624,5.0,No
ORD002625,4.0,Yes
ORD002626,1.0,Yes
ORD002627,0.0,No
ORD002628,1.0,No
ORD002629,4.0,No
ORD002630,0.0,Yes
ORD002631,5.0,Yes
ORD002632,5.0,NO
ORD002633,5.0,yes
ORD002634,0.0,Yes
ORD002635,4.0,Yes
ORD002636,3.0,No
ORD002637,1.0,yes
ORD002638,2.0,Yes
ORD002639,5.0,Yes
ORD002640,2.0,Yes
ORD002641,5.0,No
ORD002642,4.0,NO
ORD002643,4.0,Unknown
ORD002644,5.0,No
ORD002645,4.0,Yes
ORD002646,2.0,No
ORD002647,0.0,Yes
ORD002648,5.0,No
ORD002649,3.0,Yes
ORD002650,4.0,No
ORD002651,4.0,No
ORD002652,4.0,yes
ORD002653,3.0,yes
ORD002654,4.0,No
ORD002655,4.0,No
ORD002656,2.0,Yes
ORD002657,4.0,Yes
ORD002658,0.0,No
ORD002659,5.0,NO
ORD002660,3.0,No
ORD002661,5.0,NO
ORD002662,0.0,No
ORD002663,4.0,Unknown
ORD002664,0.0,Yes
ORD002665,5.0,No
ORD002666,3.0,No
ORD002667,5.0,No
ORD002668,4.0,Unknown
ORD002669,3.0,NO
ORD002670,4.0,Yes
ORD002671,5.0,No
ORD002672,5.0,Yes
ORD002673,5.0,Unknown
ORD002674,2.0,No
ORD002675,3.0,No
ORD002676,2.0,NO
ORD002677,5.0,No
ORD002678,4.0,Unknown
ORD002679,5.0,NO
ORD002680,5.0,Yes
ORD002681,4.0,Unknown
ORD002682,5.0,Unknown
ORD002683,5.0,No
ORD002684,3.0,NO
ORD002685,4.0,No
ORD002686,1.0,Yes
ORD002687,2.0,No
ORD002688,4.0,Unknown
ORD002689,4.0,No
ORD002690,5.0,No
ORD002691,0.0,Unknown
ORD002692,4.0,yes
ORD002693,4.0,No
ORD002694,3.0,Unknown
ORD002695,4.0,yes
ORD002696,5.0,No
ORD002697,5.0,NO
ORD002698,4.0,Unknown
ORD002699,4.0,Yes
ORD002700,0.0,No
ORD002701,5.0,NO
ORD002702,1.0,No
ORD002703,3.0,Yes
ORD002704,3.0,NO
ORD002705,2.0,Unknown
ORD002706,4.0,Yes
ORD002707,4.0,Unknown
ORD002708,0.0,No
ORD002709,5.0,No
ORD002710,4.0,NO
ORD002711,4.0,yes
ORD002712,5.0,Yes
ORD002713,2.0,No
ORD002714,3.0,No
ORD002715,4.0,NO
ORD002716,2.0,Unknown
ORD002717,0.0,yes
ORD002718,5.0,Unknown
ORD002719,4.0,Unknown
ORD002720,5.0,yes
ORD002721,5.0,No
ORD002722,2.0,NO
ORD002723,4.0,Yes
ORD002724,4.0,NO
ORD002725,2.0,yes
ORD002726,5.0,yes
ORD002727,0.0,Unknown
ORD002728,3.0,NO
ORD002729,5.0,NO
ORD002730,0.0,Unknown
ORD002731,3.0,No
ORD002732,4.0,yes
ORD002733,4.0,No
ORD002734,0.0,NO
ORD002735,5.0,NO
ORD002736,5.0,Unknown
ORD002737,4.0,Yes
ORD002738,4.0,Yes
ORD002739,4.0,No
ORD002740,2.0,No
ORD002741,4.0,Yes
ORD002742,5.0,No
ORD002743,4.0,No
ORD002744,4.0,Unknown
ORD002745,3.0,Yes
ORD002746,5.0,Yes
ORD002747,4.0,Yes
ORD002748,4.0,NO
ORD002749,4.0,No
ORD002750,4.0,Unknown
ORD002751,2.0,No
ORD002752,4.0,No
ORD002753,4.0,NO
ORD002754,4.0,Yes
ORD002755,2.0,No
ORD002756,0.0,No
ORD002757,5.0,No
ORD002758,1.0,Unknown
ORD002759,3.0,Unknown
ORD002760,5.0,yes
ORD002761,4.0,Unknown
ORD002762,4.0,Unknown
ORD002763,0.0,NO
ORD002764,0.0,Yes
ORD002765,4.0,No
ORD002766,4.0,Yes
ORD002767,4.0,Yes
ORD002768,5.0,Yes
ORD002769,5.0,Yes
ORD002770,2.0,No
ORD002771,3.0,No
ORD002772,0.0,Yes
ORD002773,3.0,Yes
ORD002774,2.0,NO
ORD002775,5.0,Unknown
ORD002776,5.0,Yes
ORD002777,1.0,No
ORD002778,3.0,yes
ORD002779,5.0,Yes
ORD002780,4.0,No
ORD002781,2.0,NO
ORD002782,5.0,NO
ORD002783,3.0,Unknown
ORD002784,4.0,No
ORD002785,3.0,Unknown
ORD002786,5.0,yes
ORD002787,2.0,Yes
ORD002788,5.0,yes
ORD002789,0.0,NO
ORD002790,4.0,Unknown
ORD002791,2.0,Unknown
ORD002792,4.0,yes
ORD002793,5.0,Yes
ORD002794,4.0,Yes
ORD002795,4.0,Yes
ORD002796,3.0,Unknown
ORD002797,5.0,Yes
ORD002798,5.0,No
ORD002799,5.0,Yes
ORD002800,5.0,Unknown
ORD002801,0.0,No
ORD002802,0.0,yes
ORD002803,4.0,No
ORD002804,4.0,Unknown
ORD002805,5.0,No
ORD002806,5.0,yes
ORD002807,2.0,No
ORD002808,2.0,Unknown
ORD002809,5.0,No
ORD002810,3.0,NO
ORD002811,5.0,No
ORD002812,5.0,No
ORD002813,4.0,No
ORD002814,4.0,No
ORD002815,5.0,yes
ORD002816,4.0,Yes
ORD002817,4.0,No
ORD002818,5.0,yes
ORD002819,0.0,Yes
ORD002820,5.0,Unknown
ORD002821,4.0,No
ORD002822,1.0,No
ORD002823,3.0,No
ORD002824,3.0,Yes
ORD002825,3.0,No
ORD002826,2.0,Unknown
ORD002827,0.0,NO
ORD002828,4.0,No
ORD002829,4.0,No
ORD002830,4.0,Unknown
ORD002831,5.0,yes
ORD002832,5.0,Yes
ORD002833,3.0,Yes
ORD002834,0.0,Yes
ORD002835,3.0,Yes
ORD002836,4.0,Yes
ORD002837,3.0,No
ORD002838,5.0,yes
ORD002839,5.0,NO
ORD002840,5.0,NO
ORD002841,4.0,yes
ORD002842,5.0,Unknown
ORD002843,4.0,Unknown
ORD002844,5.0,Yes
ORD002845,2.0,Yes
ORD002846,4.0,No
ORD002847,3.0,No
ORD002848,3.0,No
ORD002849,2.0,Unknown
ORD002850,4.0,Unknown
ORD002851,0.0,Unknown
ORD002852,3.0,No
ORD002853,5.0,No
ORD002854,5.0,yes
ORD002855,4.0,Unknown
ORD002856,4.0,No
ORD002857,5.0,Yes
ORD002858,3.0,Unknown
ORD002859,4.0,yes
ORD002860,0.0,Yes
ORD002861,0.0,yes
ORD002862,4.0,No
ORD002863,1.0,No
ORD002864,5.0,NO
ORD002865,3.0,Yes
ORD002866,5.0,yes
ORD002867,4.0,Yes
ORD002868,5.0,No
ORD002869,0.0,No
ORD002870,3.0,Yes
ORD002871,4.0,Unknown
ORD002872,1.0,No
ORD002873,3.0,yes
ORD002874,4.0,yes
ORD002875,3.0,Yes
ORD002876,0.0,Yes
ORD002877,0.0,No
ORD002878,0.0,Yes
ORD002879,3.0,NO
ORD002880,5.0,yes
ORD002881,5.0,NO
ORD002882,4.0,Unknown
ORD002883,4.0,Yes
ORD002884,1.0,yes
ORD002885,5.0,Unknown
ORD002886,4.0,Unknown
ORD002887,4.0,Unknown
ORD002888,5.0,Yes
ORD002889,4.0,No
ORD002890,5.0,No
ORD002891,1.0,No
ORD002892,5.0,Unknown
ORD002893,5.0,yes
ORD002894,3.0,NO
ORD002895,5.0,NO
ORD002896,3.0,Yes
ORD002897,3.0,No
ORD002898,4.0,Yes
ORD002899,1.0,Yes
ORD002900,3.0,Unknown
ORD002901,3.0,No
ORD002902,5.0,yes
ORD002903,4.0,No
ORD002904,5.0,Unknown
ORD002905,4.0,Yes
ORD002906,5.0,No
ORD002907,0.0,Yes
ORD002908,5.0,Yes
ORD002909,3.0,Yes
ORD002910,5.0,Unknown
ORD002911,2.0,Yes
ORD002912,1.0,No
ORD002913,5.0,Yes
ORD002914,5.0,Unknown
ORD002915,4.0,Yes
ORD002916,0.0,Unknown
ORD002917,5.0,Yes
ORD002918,2.0,No
ORD002919,3.0,Unknown
ORD002920,5.0,Yes
ORD002921,4.0,Yes
ORD002922,4.0,NO
ORD002923,4.0,NO
ORD002924,3.0,No
ORD002925,0.0,No
ORD002926,3.0,Yes
ORD002927,4.0,Yes
ORD002928,5.0,No
ORD002929,4.0,No
ORD002930,0.0,Unknown
ORD002931,0.0,yes
ORD002932,4.0,NO
ORD002933,0.0,No
ORD002934,4.0,Yes
ORD002935,3.0,No
ORD002936,1.0,NO
ORD002937,4.0,NO
ORD002938,3.0,No
ORD002939,0.0,NO
ORD002940,5.0,Unknown
ORD002941,4.0,NO
ORD002942,4.0,No
ORD002943,5.0,No
ORD002944,2.0,No
ORD002945,5.0,No
ORD002946,0.0,Yes
ORD002947,4.0,No
ORD002948,4.0,Yes
ORD002949,4.0,No
ORD002950,5.0,Yes
ORD002951,3.0,yes
ORD002952,4.0,yes
ORD002953,5.0,NO
ORD002954,4.0,No
ORD002955,5.0,Yes
ORD002956,0.0,NO
ORD002957,3.0,NO
ORD002958,4.0,NO
ORD002959,2.0,Unknown
ORD002960,4.0,Yes
ORD002961,4.0,No
ORD002962,5.0,No
ORD002963,3.0,Unknown
ORD002964,3.0,yes
ORD002965,0.0,yes
ORD002966,5.0,No
ORD002967,0.0,No
ORD002968,0.0,NO
ORD002969,5.0,Unknown
ORD002970,4.0,NO
ORD002971,0.0,Unknown
ORD002972,3.0,Unknown
ORD002973,3.0,NO
ORD002974,5.0,No
ORD002975,3.0,No
ORD002976,4.0,yes
ORD002977,5.0,NO
ORD002978,4.0,Yes
ORD002979,5.0,Yes
ORD002980,5.0,Unknown
ORD002981,5.0,No
ORD002982,4.0,Yes
ORD002983,4.0,Unknown
ORD002984,1.0,No
ORD002985,5.0,No
ORD002986,4.0,No
ORD002987,0.0,No
ORD002988,5.0,No
ORD002989,2.0,No
ORD002990,5.0,NO
ORD002991,4.0,No
ORD002992,5.0,NO
ORD002993,4.0,Unknown
ORD002994,1.0,Yes
ORD002995,1.0,Unknown
ORD002996,5.0,No
ORD002997,4.0,No
ORD002998,5.0,No
ORD002999,5.0,NO
ORD003000,4.0,Yes
ORD003001,0.0,Unknown
ORD003002,4.0,No
ORD003003,5.0,NO
ORD003004,5.0,No
ORD003005,5.0,Yes
ORD003006,5.0,No
ORD003007,1.0,Unknown
ORD003008,4.0,Yes
ORD003009,4.0,No
ORD003010,2.0,No
ORD003011,0.0,Yes
ORD003012,2.0,No
ORD003013,4.0,No
ORD003014,5.0,No
ORD003015,4.0,Yes
ORD003016,4.0,Yes
ORD003017,3.0,No
ORD003018,1.0,No
ORD003019,5.0,Yes
ORD003020,4.0,No
ORD003021,4.0,NO
ORD003022,5.0,No
ORD003023,2.0,NO
ORD003024,4.0,NO
ORD003025,4.0,Yes
ORD003026,5.0,No
ORD003027,5.0,Unknown
ORD003028,5.0,No
ORD003029,2.0,No
ORD003030,4.0,No
ORD003031,4.0,No
ORD003032,5.0,Yes
ORD003033,5.0,No
ORD003034,5.0,No
ORD003035,4.0,Yes
ORD003036,3.0,Unknown
ORD003037,4.0,No
ORD003038,2.0,No
ORD003039,2.0,No
ORD003040,4.0,Unknown
ORD003041,0.0,Unknown
ORD003042,4.0,Unknown
ORD003043,3.0,Yes
ORD003044,4.0,NO
ORD003045,4.0,Unknown
ORD003046,0.0,No
ORD003047,2.0,NO
ORD003048,4.0,yes
ORD003049,5.0,Yes
ORD003050,5.0,No
ORD003051,2.0,NO
ORD003052,4.0,No
ORD003053,3.0,Yes
ORD003054,1.0,Unknown
ORD003055,5.0,Unknown
ORD003056,5.0,Unknown
ORD003057,4.0,NO
ORD003058,4.0,No
ORD003059,1.0,Yes
ORD003060,4.0,No
ORD003061,4.0,No
ORD003062,0.0,yes
ORD003063,4.0,NO
ORD003064,4.0,Yes
ORD003065,4.0,No
ORD003066,4.0,Yes
ORD003067,2.0,Yes
ORD003068,5.0,Unknown
ORD003069,0.0,Yes
ORD003070,2.0,Unknown
ORD003071,5.0,Yes
ORD003072,2.0,Yes
ORD003073,4.0,Yes
ORD003074,4.0,Unknown
ORD003075,4.0,Yes
ORD003076,5.0,No
ORD003077,5.0,Yes
ORD003078,0.0,Yes
ORD003079,4.0,No
ORD003080,4.0,Unknown
ORD003081,5.0,No
ORD003082,4.0,Yes
ORD003083,4.0,No
ORD003084,3.0,Yes
ORD003085,3.0,Unknown
ORD003086,2.0,No
ORD003087,1.0,Unknown
ORD003088,4.0,Yes
ORD003089,2.0,yes
ORD003090,3.0,NO
ORD003091,4.0,No
ORD003092,3.0,Yes
ORD003093,5.0,Yes
ORD003094,5.0,yes
ORD003095,5.0,No
ORD003096,5.0,Yes
ORD003097,2.0,No
ORD003098,5.0,NO
ORD003099,5.0,No
ORD003100,3.0,No
ORD003101,4.0,Unknown
ORD003102,4.0,No
ORD003103,5.0,Unknown
ORD003104,5.0,Yes
ORD003105,5.0,No
ORD003106,5.0,No
ORD003107,3.0,yes
ORD003108,5.0,Unknown
ORD003109,4.0,Yes
ORD003110,4.0,Unknown
ORD003111,4.0,Yes
ORD003112,3.0,Yes
ORD003113,5.0,yes
ORD003114,2.0,No
ORD003115,3.0,No
ORD003116,2.0,No
ORD003117,4.0,No
ORD003118,4.0,No
ORD003119,4.0,No
ORD003120,3.0,No
ORD003121,3.0,No
ORD003122,4.0,Yes
ORD003123,5.0,Unknown
ORD003124,5.0,Yes
ORD003125,4.0,No
ORD003126,2.0,No
ORD003127,4.0,NO
ORD003128,4.0,Unknown
ORD003129,4.0,No
ORD003130,4.0,Unknown
ORD003131,4.0,No
ORD003132,5.0,Yes
ORD003133,0.0,Yes
ORD003134,3.0,No
ORD003135,3.0,Yes
ORD003136,0.0,yes
ORD003137,4.0,Unknown
ORD003138,0.0,No
ORD003139,5.0,Yes
ORD003140,4.0,Unknown
ORD003141,5.0,Yes
ORD003142,4.0,No
ORD003143,2.0,No
ORD003144,4.0,Unknown
ORD003145,2.0,No
ORD003146,1.0,Yes
ORD003147,5.0,NO
ORD003148,4.0,No
ORD003149,5.0,Yes
ORD003150,4.0,Unknown
ORD003151,0.0,Yes
ORD003152,1.0,No
ORD003153,5.0,NO
ORD003154,3.0,Yes
ORD003155,4.0,No
ORD003156,0.0,NO
ORD003157,4.0,No
ORD003158,2.0,No
ORD003159,0.0,Yes
ORD003160,2.0,Yes
ORD003161,2.0,No
ORD003162,5.0,No
ORD003163,3.0,No
ORD003164,4.0,Unknown
ORD003165,5.0,Unknown
ORD003166,5.0,Yes
ORD003167,4.0,Unknown
ORD003168,4.0,No
ORD003169,4.0,yes
ORD003170,2.0,Yes
ORD003171,4.0,No
ORD003172,4.0,yes
ORD003173,4.0,Unknown
ORD003174,4.0,Yes
ORD003175,5.0,Unknown
ORD003176,0.0,Unknown
ORD003177,3.0,No
ORD003178,5.0,No
ORD003179,2.0,NO
ORD003180,2.0,No
ORD003181,5.0,No
ORD003182,5.0,Unknown
ORD003183,1.0,No
ORD003184,4.0,Yes
ORD003185,5.0,yes
ORD003186,5.0,Yes
ORD003187,3.0,Yes
ORD003188,0.0,No
ORD003189,4.0,No
ORD003190,0.0,No
ORD003191,1.0,NO
ORD003192,3.0,No
ORD003193,1.0,Yes
ORD003194,0.0,No
ORD003195,5.0,NO
ORD003196,0.0,NO
ORD003197,5.0,Yes
ORD003198,4.0,Yes
ORD003199,5.0,Unknown
ORD003200,4.0,Unknown
ORD003201,5.0,Unknown
ORD003202,5.0,No
ORD003203,3.0,No
ORD003204,3.0,No
ORD003205,4.0,No
ORD003206,5.0,Unknown
ORD003207,5.0,No
ORD003208,5.0,Yes
ORD003209,5.0,Yes
ORD003210,5.0,Unknown
ORD003211,5.0,yes
ORD003212,4.0,No
ORD003213,5.0,No
ORD003214,4.0,Yes
ORD003215,4.0,NO
ORD003216,5.0,yes
ORD003217,5.0,NO
ORD003218,4.0,No
ORD003219,2.0,No
ORD003220,3.0,NO
ORD003221,2.0,Yes
ORD003222,0.0,Yes
ORD003223,5.0,Unknown
ORD003224,4.0,Unknown
ORD003225,3.0,No
ORD003226,4.0,NO
ORD003227,5.0,Unknown
ORD003228,4.0,Unknown
ORD003229,4.0,Yes
ORD003230,5.0,Yes
ORD003231,5.0,Yes
ORD003232,4.0,yes
ORD003233,3.0,No
ORD003234,1.0,Unknown
ORD003235,4.0,No
ORD003236,0.0,No
ORD003237,1.0,No
ORD003238,1.0,yes
ORD003239,4.0,yes
ORD003240,4.0,Unknown
ORD003241,3.0,Yes
ORD003242,1.0,No
ORD003243,4.0,Unknown
ORD003244,5.0,No
ORD003245,0.0,Yes
ORD003246,5.0,No
ORD003247,2.0,No
ORD003248,0.0,No
ORD003249,5.0,Yes
ORD003250,5.0,NO
ORD003251,5.0,NO
ORD003252,4.0,No
ORD003253,0.0,Yes
ORD003254,0.0,No
ORD003255,4.0,No
ORD003256,3.0,No
ORD003257,4.0,Unknown
ORD003258,5.0,No
ORD003259,3.0,Unknown
ORD003260,3.0,No
ORD003261,4.0,Yes
ORD003262,3.0,Yes
ORD003263,2.0,No
ORD003264,5.0,No
ORD003265,4.0,Unknown
ORD003266,5.0,Yes
ORD003267,4.0,No
ORD003268,3.0,Unknown
ORD003269,4.0,No
ORD003270,4.0,No
ORD003271,4.0,No
ORD003272,3.0,No
ORD003273,0.0,No
ORD003274,4.0,No
ORD003275,5.0,Unknown
ORD003276,3.0,No
ORD003277,5.0,No
ORD003278,0.0,Unknown
ORD003279,3.0,Yes
ORD003280,1.0,Yes
ORD003281,3.0,No
ORD003282,4.0,Unknown
ORD003283,5.0,Unknown
ORD003284,2.0,Unknown
ORD003285,5.0,No
ORD003286,5.0,Yes
ORD003287,5.0,yes
ORD003288,4.0,No
ORD003289,3.0,No
ORD003290,4.0,NO
ORD003291,2.0,No
ORD003292,5.0,No
ORD003293,4.0,No
ORD003294,4.0,Unknown
ORD003295,4.0,Unknown
ORD003296,4.0,No
ORD003297,4.0,Unknown
ORD003298,3.0,NO
ORD003299,2.0,Unknown
ORD003300,5.0,No
ORD003301,5.0,Yes
ORD003302,4.0,No
ORD003303,4.0,NO
ORD003304,3.0,NO
ORD003305,2.0,Yes
ORD003306,4.0,Yes
ORD003307,3.0,No
ORD003308,5.0,NO
ORD003309,3.0,Yes
ORD003310,5.0,No
ORD003311,4.0,Unknown
ORD003312,1.0,Yes
ORD003313,5.0,Yes
ORD003314,4.0,NO
ORD003315,5.0,NO
ORD003316,5.0,No
ORD003317,2.0,yes
ORD003318,5.0,yes
ORD003319,5.0,Unknown
ORD003320,3.0,No
ORD003321,0.0,No
ORD003322,5.0,No
ORD003323,3.0,No
ORD003324,5.0,No
ORD003325,5.0,No
ORD003326,5.0,NO
ORD003327,0.0,No
ORD003328,5.0,No
ORD003329,5.0,yes
ORD003330,2.0,Unknown
ORD003331,3.0,No
ORD003332,3.0,NO
ORD003333,5.0,Yes
ORD003334,5.0,Yes
ORD003335,5.0,No
ORD003336,4.0,yes
ORD003337,4.0,Unknown
ORD003338,4.0,No
ORD003339,4.0,No
ORD003340,4.0,Unknown
ORD003341,1.0,Yes
ORD003342,2.0,NO
ORD003343,4.0,Yes
ORD003344,3.0,No
ORD003345,0.0,No
ORD003346,5.0,yes
ORD003347,3.0,Yes
ORD003348,0.0,Yes
ORD003349,5.0,Yes
ORD003350,4.0,No
ORD003351,5.0,No
ORD003352,4.0,Yes
ORD003353,4.0,No
ORD003354,4.0,Yes
ORD003355,5.0,Yes
ORD003356,5.0,No
ORD003357,3.0,NO
ORD003358,2.0,Unknown
ORD003359,5.0,Yes
ORD003360,2.0,NO
ORD003361,5.0,No
ORD003362,5.0,No
ORD003363,2.0,NO
ORD003364,4.0,No
ORD003365,4.0,Yes
ORD003366,2.0,No
ORD003367,5.0,yes
ORD003368,1.0,yes
ORD003369,4.0,No
ORD003370,3.0,Yes
ORD003371,4.0,No
ORD003372,3.0,No
ORD003373,4.0,yes
ORD003374,4.0,No
ORD003375,4.0,Yes
ORD003376,3.0,Unknown
ORD003377,4.0,Yes
ORD003378,2.0,Unknown
ORD003379,4.0,Unknown
ORD003380,4.0,No
ORD003381,0.0,No
ORD003382,5.0,Yes
ORD003383,0.0,yes
ORD003384,4.0,No
ORD003385,3.0,NO
ORD003386,5.0,NO
ORD003387,5.0,Unknown
ORD003388,4.0,NO
ORD003389,5.0,Unknown
ORD003390,5.0,Yes
ORD003391,3.0,Yes
ORD003392,0.0,No
ORD003393,5.0,Yes
ORD003394,4.0,Yes
ORD003395,0.0,No
ORD003396,4.0,Yes
ORD003397,2.0,No
ORD003398,4.0,No
ORD003399,4.0,Yes
ORD003400,3.0,No
ORD003401,3.0,Yes
ORD003402,4.0,No
ORD003403,4.0,Unknown
ORD003404,0.0,No
ORD003405,4.0,yes
ORD003406,4.0,Yes
ORD003407,4.0,No
ORD003408,4.0,Yes
ORD003409,1.0,Unknown
ORD003410,4.0,No
ORD003411,4.0,No
ORD003412,4.0,NO
ORD003413,0.0,NO
ORD003414,4.0,Yes
ORD003415,5.0,NO
ORD003416,3.0,No
ORD003417,5.0,NO
ORD003418,1.0,No
ORD003419,1.0,No
ORD003420,4.0,yes
ORD003421,4.0,Yes
ORD003422,5.0,Yes
ORD003423,3.0,Yes
ORD003424,5.0,Yes
ORD003425,0.0,Yes
ORD003426,5.0,No
ORD003427,4.0,Unknown
ORD003428,0.0,Yes
ORD003429,3.0,NO
ORD003430,4.0,Yes
ORD003431,4.0,Yes
ORD003432,4.0,No
ORD003433,3.0,Yes
ORD003434,4.0,Unknown
ORD003435,3.0,No
ORD003436,4.0,Yes
ORD003437,3.0,No
ORD003438,3.0,Yes
ORD003439,3.0,No
ORD003440,1.0,Unknown
ORD003441,3.0,No
ORD003442,0.0,No
ORD003443,0.0,Unknown
ORD003444,5.0,No
ORD003445,4.0,Unknown
ORD003446,5.0,Yes
ORD003447,5.0,No
ORD003448,3.0,No
ORD003449,4.0,No
ORD003450,4.0,No
ORD003451,4.0,yes
ORD003452,4.0,yes
ORD003453,5.0,NO
ORD003454,5.0,yes
ORD003455,3.0,No
ORD003456,4.0,Unknown
ORD003457,4.0,Unknown
ORD003458,3.0,No
ORD003459,5.0,No
ORD003460,3.0,No
ORD003461,0.0,No
ORD003462,3.0,Unknown
ORD003463,0.0,No
ORD003464,5.0,No
ORD003465,5.0,Yes
ORD003466,5.0,Yes
ORD003467,5.0,No
ORD003468,4.0,NO
ORD003469,5.0,NO
ORD003470,4.0,Yes
ORD003471,5.0,No
ORD003472,5.0,No
ORD003473,4.0,No
ORD003474,1.0,Unknown
ORD003475,5.0,Unknown
ORD003476,0.0,yes
ORD003477,1.0,Yes
ORD003478,4.0,Yes
ORD003479,3.0,No
ORD003480,5.0,NO
ORD003481,4.0,No
ORD003482,1.0,No
ORD003483,5.0,Yes
ORD003484,1.0,Unknown
ORD003485,1.0,No
ORD003486,5.0,NO
ORD003487,5.0,Unknown
ORD003488,5.0,Yes
ORD003489,5.0,NO
ORD003490,5.0,Yes
ORD003491,0.0,NO
ORD003492,4.0,NO
ORD003493,4.0,No
ORD003494,2.0,No
ORD003495,4.0,No
ORD003496,4.0,Unknown
ORD003497,4.0,yes
ORD003498,3.0,No
ORD003499,4.0,No
ORD003500,3.0,Unknown
ORD003501,4.0,No
ORD003502,5.0,Yes
ORD003503,5.0,yes
ORD003504,2.0,No
ORD003505,3.0,NO
ORD003506,2.0,No
ORD003507,4.0,Yes
ORD003508,5.0,Yes
ORD003509,4.0,NO
ORD003510,5.0,No
ORD003511,5.0,NO
ORD003512,4.0,No
ORD003513,4.0,No
ORD003514,5.0,Unknown
ORD003515,4.0,No
ORD003516,5.0,Unknown
ORD003517,5.0,No
ORD003518,0.0,Yes
ORD003519,4.0,No
ORD003520,4.0,Yes
ORD003521,1.0,Unknown
ORD003522,4.0,yes
ORD003523,0.0,Yes
ORD003524,5.0,No
ORD003525,0.0,Yes
ORD003526,5.0,Yes
ORD003527,1.0,NO
ORD003528,4.0,Unknown
ORD003529,2.0,Yes
ORD003530,3.0,No
ORD003531,5.0,Unknown
ORD003532,3.0,No
ORD003533,5.0,No
ORD003534,5.0,No
ORD003535,5.0,Unknown
ORD003536,5.0,Unknown
ORD003537,4.0,Unknown
ORD003538,5.0,No
ORD003539,4.0,No
ORD003540,5.0,Unknown
ORD003541,5.0,No
ORD003542,0.0,Yes
ORD003543,4.0,No
ORD003544,0.0,yes
ORD003545,5.0,No
ORD003546,4.0,Yes
ORD003547,4.0,No
ORD003548,5.0,Yes
ORD003549,3.0,Unknown
ORD003550,0.0,No
ORD003551,5.0,Unknown
ORD003552,4.0,No
ORD003553,5.0,No
ORD003554,5.0,Yes
ORD003555,2.0,No
ORD003556,3.0,Yes
ORD003557,4.0,No
ORD003558,4.0,No
ORD003559,5.0,No
ORD003560,1.0,NO
ORD003561,3.0,Unknown
ORD003562,5.0,No
ORD003563,0.0,Yes
ORD003564,5.0,Yes
ORD003565,5.0,Unknown
ORD003566,3.0,NO
ORD003567,4.0,No
ORD003568,0.0,Yes
ORD003569,2.0,Unknown
ORD003570,2.0,No
ORD003571,4.0,No
ORD003572,4.0,Yes
ORD003573,4.0,No
ORD003574,4.0,Unknown
ORD003575,4.0,No
ORD003576,0.0,Unknown
ORD003577,5.0,Unknown
ORD003578,4.0,No
ORD003579,5.0,Yes
ORD003580,5.0,yes
ORD003581,5.0,No
ORD003582,4.0,No
ORD003583,4.0,yes
ORD003584,4.0,Yes
ORD003585,5.0,No
ORD003586,0.0,No
ORD003587,5.0,Yes
ORD003588,5.0,Unknown
ORD003589,2.0,No
ORD003590,4.0,No
ORD003591,4.0,Yes
ORD003592,0.0,yes
ORD003593,5.0,Unknown
ORD003594,0.0,No
ORD003595,5.0,Yes
ORD003596,3.0,No
ORD003597,4.0,Unknown
ORD003598,4.0,Unknown
ORD003599,0.0,NO
ORD003600,5.0,Unknown
ORD003601,5.0,yes
ORD003602,4.0,Yes
ORD003603,0.0,NO
ORD003604,5.0,Yes
ORD003605,4.0,yes
ORD003606,5.0,No
ORD003607,5.0,NO
ORD003608,4.0,Yes
ORD003609,5.0,No
ORD003610,1.0,yes
ORD003611,5.0,Yes
ORD003612,0.0,yes
ORD003613,5.0,No
ORD003614,4.0,NO
ORD003615,4.0,Unknown
ORD003616,3.0,No
ORD003617,5.0,NO
ORD003618,3.0,No
ORD003619,0.0,Yes
ORD003620,4.0,No
ORD003621,1.0,Unknown
ORD003622,5.0,Yes
ORD003623,0.0,Unknown
ORD003624,5.0,Yes
ORD003625,4.0,No
ORD003626,3.0,No
ORD003627,0.0,Unknown
ORD003628,3.0,yes
ORD003629,5.0,yes
ORD003630,0.0,No
ORD003631,5.0,NO
ORD003632,5.0,No
ORD003633,5.0,No
ORD003634,0.0,NO
ORD003635,4.0,No
ORD003636,3.0,Unknown
ORD003637,4.0,NO
ORD003638,4.0,NO
ORD003639,4.0,No
ORD003640,0.0,Unknown
ORD003641,5.0,No
ORD003642,3.0,Yes
ORD003643,5.0,Yes
ORD003644,0.0,Unknown
ORD003645,4.0,No
ORD003646,4.0,No
ORD003647,4.0,Yes
ORD003648,5.0,No
ORD003649,3.0,Unknown
ORD003650,4.0,Yes
ORD003651,5.0,yes
ORD003652,3.0,Unknown
ORD003653,0.0,yes
ORD003654,4.0,Unknown
ORD003655,5.0,Yes
ORD003656,5.0,Unknown
ORD003657,5.0,NO
ORD003658,4.0,No
ORD003659,4.0,No
ORD003660,5.0,yes
ORD003661,1.0,No
ORD003662,3.0,NO
ORD003663,4.0,NO
ORD003664,4.0,No
ORD003665,5.0,Unknown
ORD003666,2.0,yes
ORD003667,4.0,Yes
ORD003668,4.0,No
ORD003669,0.0,Unknown
ORD003670,2.0,No
ORD003671,4.0,No
ORD003672,4.0,NO
ORD003673,5.0,NO
ORD003674,4.0,yes
ORD003675,3.0,Unknown
ORD003676,5.0,NO
ORD003677,5.0,No
ORD003678,2.0,Yes
ORD003679,4.0,NO
ORD003680,4.0,Unknown
ORD003681,4.0,NO
ORD003682,4.0,Yes
ORD003683,2.0,Yes
ORD003684,4.0,No
ORD003685,3.0,Unknown
ORD003686,5.0,NO
ORD003687,5.0,No
ORD003688,0.0,yes
ORD003689,0.0,No
ORD003690,4.0,Unknown
ORD003691,4.0,No
ORD003692,3.0,Yes
ORD003693,5.0,Unknown
ORD003694,4.0,No
ORD003695,3.0,Yes
ORD003696,4.0,Unknown
ORD003697,0.0,No
ORD003698,2.0,Unknown
ORD003699,2.0,yes
ORD003700,1.0,Yes
ORD003701,4.0,Unknown
ORD003702,4.0,Yes
ORD003703,0.0,Yes
ORD003704,4.0,NO
ORD003705,5.0,No
ORD003706,4.0,No
ORD003707,4.0,yes
ORD003708,5.0,Unknown
ORD003709,0.0,No
ORD003710,3.0,No
ORD003711,4.0,NO
ORD003712,2.0,Yes
ORD003713,4.0,No
ORD003714,0.0,NO
ORD003715,1.0,Unknown
ORD003716,5.0,Yes
ORD003717,3.0,Yes
ORD003718,5.0,yes
ORD003719,5.0,Yes
ORD003720,0.0,Unknown
ORD003721,0.0,No
ORD003722,5.0,No
ORD003723,4.0,Yes
ORD003724,4.0,No
ORD003725,3.0,Yes
ORD003726,3.0,Yes
ORD003727,0.0,No
ORD003728,0.0,Yes
ORD003729,5.0,Unknown
ORD003730,5.0,Unknown
ORD003731,0.0,yes
ORD003732,2.0,No
ORD003733,2.0,No
ORD003734,2.0,NO
ORD003735,2.0,yes
ORD003736,2.0,Yes
ORD003737,1.0,Unknown
ORD003738,4.0,NO
ORD003739,2.0,NO
ORD003740,4.0,Unknown
ORD003741,3.0,Yes
ORD003742,3.0,yes
ORD003743,0.0,Yes
ORD003744,4.0,Unknown
ORD003745,3.0,Yes
ORD003746,4.0,Unknown
ORD003747,1.0,Yes
ORD003748,4.0,No
ORD003749,5.0,No
ORD003750,5.0,Unknown
ORD003751,4.0,No
ORD003752,0.0,Yes
ORD003753,5.0,No
ORD003754,4.0,Yes
ORD003755,4.0,No
ORD003756,4.0,NO
ORD003757,2.0,No
ORD003758,5.0,Unknown
ORD003759,0.0,Yes
ORD003760,4.0,Yes
ORD003761,3.0,NO
ORD003762,4.0,No
ORD003763,1.0,Unknown
ORD003764,4.0,No
ORD003765,4.0,NO
ORD003766,5.0,yes
ORD003767,4.0,Yes
ORD003768,1.0,Yes
ORD003769,4.0,yes
ORD003770,4.0,No
ORD003771,4.0,No
ORD003772,0.0,No
ORD003773,3.0,Unknown
ORD003774,3.0,No
ORD003775,5.0,yes
ORD003776,4.0,No
ORD003777,5.0,yes
ORD003778,2.0,No
ORD003779,2.0,NO
ORD003780,3.0,No
ORD003781,5.0,Yes
ORD003782,4.0,No
ORD003783,4.0,Yes
ORD003784,3.0,No
ORD003785,5.0,NO
ORD003786,4.0,Yes
ORD003787,4.0,No
ORD003788,0.0,No
ORD003789,5.0,No
ORD003790,2.0,Unknown
ORD003791,0.0,Yes
ORD003792,4.0,No
ORD003793,1.0,Yes
ORD003794,0.0,No
ORD003795,4.0,No
ORD003796,4.0,Unknown
ORD003797,3.0,Yes
ORD003798,5.0,No
ORD003799,5.0,No
ORD003800,4.0,No
ORD003801,2.0,Yes
ORD003802,4.0,yes
ORD003803,3.0,No
ORD003804,3.0,Yes
ORD003805,4.0,Unknown
ORD003806,5.0,NO
ORD003807,3.0,NO
ORD003808,4.0,No
ORD003809,2.0,NO
ORD003810,2.0,NO
ORD003811,4.0,No
ORD003812,0.0,No
ORD003813,5.0,NO
ORD003814,4.0,Yes
ORD003815,5.0,No
ORD003816,5.0,Unknown
ORD003817,5.0,No
ORD003818,5.0,No
ORD003819,4.0,Yes
ORD003820,5.0,Yes
ORD003821,4.0,No
ORD003822,5.0,No
ORD003823,5.0,No
ORD003824,1.0,yes
ORD003825,4.0,Unknown
ORD003826,0.0,NO
ORD003827,5.0,NO
ORD003828,4.0,No
ORD003829,1.0,Unknown
ORD003830,0.0,NO
ORD003831,5.0,Unknown
ORD003832,5.0,Unknown
ORD003833,3.0,Unknown
ORD003834,4.0,Yes
ORD003835,4.0,No
ORD003836,4.0,Yes
ORD003837,0.0,Yes
ORD003838,1.0,No
ORD003839,5.0,NO
ORD003840,0.0,No
ORD003841,4.0,No
ORD003842,5.0,Yes
ORD003843,5.0,No
ORD003844,5.0,yes
ORD003845,2.0,Unknown
ORD003846,4.0,NO
ORD003847,4.0,No
ORD003848,4.0,Yes
ORD003849,5.0,No
ORD003850,3.0,yes
ORD003851,4.0,Unknown
ORD003852,4.0,NO
ORD003853,4.0,No
ORD003854,3.0,No
ORD003855,5.0,No
ORD003856,4.0,No
ORD003857,2.0,Yes
ORD003858,4.0,NO
ORD003859,4.0,No
ORD003860,5.0,Yes
ORD003861,4.0,NO
ORD003862,5.0,Unknown
ORD003863,3.0,No
ORD003864,0.0,Unknown
ORD003865,5.0,No
ORD003866,2.0,Unknown
ORD003867,2.0,Yes
ORD003868,4.0,Unknown
ORD003869,0.0,Yes
ORD003870,4.0,Yes
ORD003871,2.0,Yes
ORD003872,4.0,NO
ORD003873,3.0,Yes
ORD003874,4.0,NO
ORD003875,4.0,NO
ORD003876,4.0,Unknown
ORD003877,5.0,yes
ORD003878,5.0,Unknown
ORD003879,2.0,Yes
ORD003880,5.0,Yes
ORD003881,3.0,Unknown
ORD003882,4.0,yes
ORD003883,5.0,No
ORD003884,5.0,Unknown
ORD003885,5.0,Yes
ORD003886,4.0,Yes
ORD003887,5.0,Unknown
ORD003888,4.0,No
ORD003889,4.0,Unknown
ORD003890,5.0,Yes
ORD003891,3.0,NO
ORD003892,4.0,yes
ORD003893,0.0,Yes
ORD003894,0.0,Unknown
ORD003895,3.0,No
ORD003896,3.0,No
ORD003897,3.0,Yes
ORD003898,5.0,NO
ORD003899,5.0,yes
ORD003900,3.0,Yes
ORD003901,1.0,No
ORD003902,4.0,No
ORD003903,3.0,Unknown
ORD003904,4.0,yes
ORD003905,3.0,Unknown
ORD003906,1.0,No
ORD003907,0.0,Yes
ORD003908,4.0,Unknown
ORD003909,1.0,Yes
ORD003910,5.0,Yes
ORD003911,1.0,No
ORD003912,4.0,No
ORD003913,2.0,Unknown
ORD003914,4.0,Unknown
ORD003915,0.0,Unknown
ORD003916,4.0,Yes
ORD003917,3.0,No
ORD003918,5.0,Unknown
ORD003919,5.0,Unknown
ORD003920,5.0,NO
ORD003921,4.0,NO
ORD003922,0.0,Yes
ORD003923,4.0,No
ORD003924,5.0,Unknown
ORD003925,4.0,No
ORD003926,0.0,Yes
ORD003927,5.0,No
ORD003928,4.0,No
ORD003929,1.0,Yes
ORD003930,4.0,No
ORD003931,0.0,Yes
ORD003932,1.0,Unknown
ORD003933,5.0,No
ORD003934,4.0,No
ORD003935,5.0,NO
ORD003936,4.0,Yes
ORD003937,5.0,No
ORD003938,4.0,No
ORD003939,4.0,Yes
ORD003940,5.0,Unknown
ORD003941,5.0,Yes
ORD003942,5.0,No
ORD003943,4.0,Yes
ORD003944,4.0,yes
ORD003945,4.0,No
ORD003946,5.0,NO
ORD003947,5.0,No
ORD003948,3.0,Yes
ORD003949,3.0,Unknown
ORD003950,4.0,NO
ORD003951,0.0,No
ORD003952,2.0,No
ORD003953,3.0,Yes
ORD003954,5.0,Yes
ORD003955,5.0,Unknown
ORD003956,4.0,Yes
ORD003957,4.0,NO
ORD003958,5.0,Unknown
ORD003959,1.0,No
ORD003960,5.0,No
ORD003961,5.0,No
ORD003962,4.0,NO
ORD003963,0.0,No
ORD003964,5.0,Unknown
ORD003965,3.0,yes
ORD003966,4.0,No
ORD003967,2.0,NO
ORD003968,1.0,No
ORD003969,3.0,NO
ORD003970,4.0,Yes
ORD003971,0.0,NO
ORD003972,5.0,No
ORD003973,5.0,No
ORD003974,4.0,NO
ORD003975,5.0,No
ORD003976,2.0,Yes
ORD003977,0.0,No
ORD003978,5.0,No
ORD003979,5.0,Unknown
ORD003980,4.0,Yes
ORD003981,4.0,Yes
ORD003982,4.0,No
ORD003983,0.0,Yes
ORD003984,5.0,Unknown
ORD003985,4.0,Unknown
ORD003986,4.0,Yes
ORD003987,4.0,Yes
ORD003988,0.0,Unknown
ORD003989,4.0,yes
ORD003990,4.0,Unknown
ORD003991,5.0,yes
ORD003992,5.0,Unknown
ORD003993,4.0,Yes
ORD003994,5.0,Yes
ORD003995,0.0,No
ORD003996,0.0,Yes
ORD003997,5.0,Unknown
ORD003998,0.0,Unknown
ORD003999,5.0,NO
ORD004000,5.0,yes
ORD004001,4.0,No
ORD004002,2.0,No
ORD004003,5.0,Yes
ORD004004,5.0,No
ORD004005,4.0,No
ORD004006,5.0,yes
ORD004007,5.0,No
ORD004008,4.0,yes
ORD004009,5.0,Yes
ORD004010,4.0,No
ORD004011,5.0,No
ORD004012,5.0,Unknown
ORD004013,4.0,No
ORD004014,5.0,No
ORD004015,5.0,NO
ORD004016,4.0,Unknown
ORD004017,2.0,No
ORD004018,4.0,Unknown
ORD004019,5.0,No
ORD004020,5.0,No
ORD004021,4.0,No
ORD004022,5.0,Unknown
ORD004023,4.0,Yes
ORD004024,3.0,Unknown
ORD004025,4.0,No
ORD004026,4.0,No
ORD004027,5.0,yes
ORD004028,2.0,Yes
ORD004029,5.0,NO
ORD004030,4.0,No
ORD004031,3.0,No
ORD004032,4.0,yes
ORD004033,4.0,Yes
ORD004034,4.0,Unknown
ORD004035,4.0,yes
ORD004036,4.0,No
ORD004037,1.0,No
ORD004038,5.0,No
ORD004039,4.0,Unknown
ORD004040,5.0,yes
ORD004041,4.0,Yes
ORD004042,0.0,No
ORD004043,4.0,No
ORD004044,2.0,No
ORD004045,5.0,Yes
ORD004046,1.0,Yes
ORD004047,5.0,NO
ORD004048,5.0,NO
ORD004049,0.0,NO
ORD004050,5.0,yes
ORD004051,5.0,yes
ORD004052,3.0,No
ORD004053,3.0,Unknown
ORD004054,5.0,No
ORD004055,5.0,No
ORD004056,3.0,Yes
ORD004057,5.0,Unknown
ORD004058,2.0,No
ORD004059,2.0,Yes
ORD004060,5.0,Unknown
ORD004061,0.0,No
ORD004062,4.0,NO
ORD004063,2.0,No
ORD004064,4.0,Yes
ORD004065,5.0,Unknown
ORD004066,5.0,Yes
ORD004067,5.0,Unknown
ORD004068,4.0,No
ORD004069,4.0,NO
ORD004070,5.0,Yes
ORD004071,5.0,No
ORD004072,5.0,No
ORD004073,0.0,No
ORD004074,2.0,Yes
ORD004075,4.0,No
ORD004076,0.0,Unknown
ORD004077,5.0,Yes
ORD004078,1.0,NO
ORD004079,5.0,yes
ORD004080,1.0,No
ORD004081,5.0,No
ORD004082,0.0,Yes
ORD004083,4.0,Yes
ORD004084,5.0,Yes
ORD004085,4.0,NO
ORD004086,1.0,Unknown
ORD004087,5.0,No
ORD004088,4.0,Yes
ORD004089,4.0,Yes
ORD004090,3.0,Unknown
ORD004091,3.0,Unknown
ORD004092,5.0,No
ORD004093,4.0,Yes
ORD004094,3.0,No
ORD004095,4.0,NO
ORD004096,5.0,Yes
ORD004097,3.0,No
ORD004098,3.0,No
ORD004099,2.0,yes
ORD004100,4.0,Yes
ORD004101,5.0,No
ORD004102,4.0,Unknown
ORD004103,0.0,Yes
ORD004104,4.0,Yes
ORD004105,4.0,No
ORD004106,3.0,No
ORD004107,4.0,No
ORD004108,4.0,No
ORD004109,1.0,No
ORD004110,5.0,No
ORD004111,5.0,Unknown
ORD004112,4.0,Yes
ORD004113,4.0,Unknown
ORD004114,3.0,Unknown
ORD004115,3.0,NO
ORD004116,5.0,Yes
ORD004117,5.0,Unknown
ORD004118,5.0,Yes
ORD004119,4.0,No
ORD004120,4.0,Unknown
ORD004121,5.0,Unknown
ORD004122,4.0,NO
ORD004123,5.0,No
ORD004124,1.0,Unknown
ORD004125,3.0,Yes
ORD004126,4.0,Unknown
ORD004127,0.0,Yes
ORD004128,5.0,No
ORD004129,4.0,No
ORD004130,0.0,yes
ORD004131,2.0,No
ORD004132,4.0,No
ORD004133,5.0,Yes
ORD004134,5.0,No
ORD004135,3.0,NO
ORD004136,4.0,No
ORD004137,1.0,yes
ORD004138,3.0,No
ORD004139,4.0,Unknown
ORD004140,5.0,No
ORD004141,4.0,NO
ORD004142,5.0,Yes
ORD004143,4.0,Yes
ORD004144,5.0,No
ORD004145,1.0,Unknown
ORD004146,1.0,yes
ORD004147,5.0,Yes
ORD004148,4.0,NO
ORD004149,3.0,Unknown
ORD004150,1.0,No
ORD004151,3.0,Yes
ORD004152,3.0,yes
ORD004153,4.0,No
ORD004154,1.0,Yes
ORD004155,5.0,No
ORD004156,4.0,Unknown
ORD004157,4.0,yes
ORD004158,5.0,Unknown
ORD004159,5.0,Yes
ORD004160,0.0,NO
ORD004161,3.0,No
ORD004162,4.0,No
ORD004163,3.0,Unknown
ORD004164,4.0,No
ORD004165,4.0,Unknown
ORD004166,5.0,No
ORD004167,4.0,NO
ORD004168,3.0,No
ORD004169,3.0,Unknown
ORD004170,4.0,Unknown
ORD004171,5.0,No
ORD004172,4.0,Yes
ORD004173,4.0,Yes
ORD004174,4.0,No
ORD004175,5.0,Unknown
ORD004176,4.0,No
ORD004177,1.0,yes
ORD004178,5.0,No
ORD004179,4.0,No
ORD004180,4.0,No
ORD004181,4.0,Unknown
ORD004182,4.0,No
ORD004183,5.0,No
ORD004184,3.0,No
ORD004185,1.0,No
ORD004186,4.0,No
ORD004187,4.0,No
ORD004188,4.0,No
ORD004189,5.0,No
ORD004190,5.0,Yes
ORD004191,5.0,Unknown
ORD004192,4.0,No
ORD004193,5.0,NO
ORD004194,5.0,Yes
ORD004195,4.0,yes
ORD004196,4.0,No
ORD004197,4.0,NO
ORD004198,5.0,No
ORD004199,4.0,No
ORD004200,4.0,No
ORD004201,3.0,Unknown
ORD004202,4.0,NO
ORD004203,1.0,Unknown
ORD004204,5.0,No
ORD004205,5.0,Unknown
ORD004206,3.0,Yes
ORD004207,4.0,NO
ORD004208,4.0,Unknown
ORD004209,1.0,Yes
ORD004210,3.0,No
ORD004211,5.0,Yes
ORD004212,1.0,Unknown
ORD004213,0.0,No
ORD004214,4.0,Yes
ORD004215,0.0,Yes
ORD004216,2.0,Yes
ORD004217,4.0,No
ORD004218,5.0,No
ORD004219,4.0,Yes
ORD004220,5.0,No
ORD004221,5.0,Yes
ORD004222,3.0,Unknown
ORD004223,5.0,Yes
ORD004224,0.0,NO
ORD004225,5.0,Yes
ORD004226,4.0,Yes
ORD004227,4.0,Yes
ORD004228,1.0,yes
ORD004229,5.0,Yes
ORD004230,1.0,Unknown
ORD004231,4.0,Unknown
ORD004232,5.0,Yes
ORD004233,2.0,NO
ORD004234,5.0,No
ORD004235,2.0,Unknown
ORD004236,3.0,NO
ORD004237,2.0,Unknown
ORD004238,5.0,No
ORD004239,4.0,Yes
ORD004240,5.0,No
ORD004241,2.0,Unknown
ORD004242,0.0,Yes
ORD004243,5.0,NO
ORD004244,5.0,No
ORD004245,5.0,yes
ORD004246,4.0,Unknown
ORD004247,4.0,Yes
ORD004248,5.0,NO
ORD004249,4.0,Yes
ORD004250,5.0,Yes
ORD004251,3.0,No
ORD004252,4.0,Yes
ORD004253,2.0,Yes
ORD004254,5.0,No
ORD004255,2.0,yes
ORD004256,4.0,Yes
ORD004257,5.0,No
ORD004258,5.0,No
ORD004259,1.0,Yes
ORD004260,1.0,Yes
ORD004261,4.0,Yes
ORD004262,4.0,NO
ORD004263,5.0,Unknown
ORD004264,2.0,Unknown
ORD004265,4.0,yes
ORD004266,5.0,No
ORD004267,5.0,No
ORD004268,4.0,Yes
ORD004269,4.0,NO
ORD004270,5.0,Unknown
ORD004271,3.0,Yes
ORD004272,4.0,Unknown
ORD004273,2.0,Unknown
ORD004274,1.0,Yes
ORD004275,5.0,Yes
ORD004276,4.0,Yes
ORD004277,4.0,Unknown
ORD004278,4.0,No
ORD004279,4.0,yes
ORD004280,4.0,yes
ORD004281,4.0,No
ORD004282,3.0,No
ORD004283,4.0,Unknown
ORD004284,4.0,No
ORD004285,3.0,No
ORD004286,3.0,Yes
ORD004287,1.0,Unknown
ORD004288,4.0,Yes
ORD004289,4.0,No
ORD004290,1.0,yes
ORD004291,4.0,Unknown
ORD004292,5.0,No
ORD004293,4.0,NO
ORD004294,4.0,NO
ORD004295,3.0,NO
ORD004296,1.0,No
ORD004297,4.0,No
ORD004298,4.0,Yes
ORD004299,0.0,Unknown
ORD004300,4.0,No
ORD004301,4.0,NO
ORD004302,0.0,No
ORD004303,4.0,NO
ORD004304,1.0,Yes
ORD004305,3.0,Unknown
ORD004306,4.0,No
ORD004307,5.0,NO
ORD004308,5.0,Yes
ORD004309,2.0,Yes
ORD004310,5.0,No
ORD004311,0.0,Unknown
ORD004312,0.0,Yes
ORD004313,4.0,No
ORD004314,5.0,No
ORD004315,4.0,Unknown
ORD004316,5.0,Yes
ORD004317,5.0,yes
ORD004318,5.0,No
ORD004319,2.0,No
ORD004320,3.0,Unknown
ORD004321,4.0,No
ORD004322,4.0,No
ORD004323,5.0,Yes
ORD004324,5.0,Unknown
ORD004325,4.0,NO
ORD004326,4.0,Yes
ORD004327,4.0,Unknown
ORD004328,2.0,Unknown
ORD004329,4.0,NO
ORD004330,3.0,Yes
ORD004331,4.0,Yes
ORD004332,4.0,Yes
ORD004333,3.0,NO
ORD004334,4.0,No
ORD004335,4.0,yes
ORD004336,5.0,Unknown
ORD004337,1.0,Yes
ORD004338,5.0,yes
ORD004339,4.0,No
ORD004340,5.0,Unknown
ORD004341,3.0,Yes
ORD004342,0.0,Yes
ORD004343,3.0,NO
ORD004344,4.0,No
ORD004345,1.0,NO
ORD004346,5.0,No
ORD004347,5.0,No
ORD004348,5.0,No
ORD004349,0.0,Unknown
ORD004350,4.0,Unknown
ORD004351,5.0,Yes
ORD004352,5.0,Yes
ORD004353,4.0,No
ORD004354,5.0,Unknown
ORD004355,4.0,Yes
ORD004356,4.0,No
ORD004357,3.0,yes
ORD004358,2.0,NO
ORD004359,4.0,No
ORD004360,1.0,Unknown
ORD004361,5.0,Yes
ORD004362,3.0,yes
ORD004363,4.0,No
ORD004364,3.0,Yes
ORD004365,2.0,No
ORD004366,5.0,NO
ORD004367,4.0,Unknown
ORD004368,4.0,No
ORD004369,2.0,Yes
ORD004370,5.0,Yes
ORD004371,5.0,Unknown
ORD004372,4.0,No
ORD004373,0.0,Unknown
ORD004374,5.0,Yes
ORD004375,5.0,No
ORD004376,5.0,Yes
ORD004377,4.0,Yes
ORD004378,0.0,Yes
ORD004379,5.0,No
ORD004380,1.0,No
ORD004381,4.0,No
ORD004382,3.0,NO
ORD004383,3.0,Yes
ORD004384,4.0,No
ORD004385,3.0,Yes
ORD004386,5.0,Yes
ORD004387,2.0,Yes
ORD004388,5.0,yes
ORD004389,1.0,Yes
ORD004390,4.0,No
ORD004391,4.0,No
ORD004392,5.0,Unknown
ORD004393,3.0,Unknown
ORD004394,3.0,No
ORD004395,5.0,Yes
ORD004396,4.0,No
ORD004397,3.0,Unknown
ORD004398,5.0,NO
ORD004399,4.0,NO
ORD004400,4.0,Yes
ORD004401,5.0,No
ORD004402,1.0,No
ORD004403,5.0,No
ORD004404,5.0,No
ORD004405,5.0,No
ORD004406,5.0,Unknown
ORD004407,1.0,No
ORD004408,2.0,yes
ORD004409,0.0,Unknown
ORD004410,4.0,Unknown
ORD004411,0.0,Yes
ORD004412,5.0,yes
ORD004413,4.0,NO
ORD004414,4.0,Yes
ORD004415,4.0,Unknown
ORD004416,4.0,No
ORD004417,4.0,Unknown
ORD004418,4.0,No
ORD004419,4.0,NO
ORD004420,2.0,Yes
ORD004421,0.0,Yes
ORD004422,4.0,Yes
ORD004423,4.0,No
ORD004424,4.0,Unknown
ORD004425,1.0,No
ORD004426,3.0,Yes
ORD004427,3.0,NO
ORD004428,0.0,NO
ORD004429,5.0,NO
ORD004430,2.0,yes
ORD004431,2.0,No
ORD004432,5.0,yes
ORD004433,5.0,Yes
ORD004434,4.0,NO
ORD004435,4.0,Yes
ORD004436,4.0,Unknown
ORD004437,4.0,Unknown
ORD004438,5.0,No
ORD004439,2.0,yes
ORD004440,5.0,No
ORD004441,4.0,No
ORD004442,3.0,yes
ORD004443,4.0,No
ORD004444,0.0,No
ORD004445,5.0,Unknown
ORD004446,4.0,No
ORD004447,3.0,Yes
ORD004448,4.0,No
ORD004449,1.0,No
ORD004450,4.0,Yes
ORD004451,5.0,No
ORD004452,0.0,NO
ORD004453,5.0,Yes
ORD004454,3.0,No
ORD004455,0.0,Yes
ORD004456,5.0,Unknown
ORD004457,0.0,No
ORD004458,2.0,Unknown
ORD004459,5.0,Yes
ORD004460,4.0,Yes
ORD004461,5.0,No
ORD004462,2.0,Yes
ORD004463,4.0,yes
ORD004464,5.0,Unknown
ORD004465,4.0,Yes
ORD004466,1.0,Unknown
ORD004467,3.0,No
ORD004468,5.0,Yes
ORD004469,4.0,NO
ORD004470,4.0,No
ORD004471,3.0,No
ORD004472,4.0,Unknown
ORD004473,4.0,Yes
ORD004474,0.0,Unknown
ORD004475,3.0,No
ORD004476,1.0,Yes
ORD004477,4.0,Unknown
ORD004478,3.0,Yes
ORD004479,4.0,Yes
ORD004480,1.0,NO
ORD004481,3.0,Unknown
ORD004482,0.0,yes
ORD004483,5.0,Unknown
ORD004484,5.0,yes
ORD004485,5.0,No
ORD004486,2.0,Unknown
ORD004487,4.0,Unknown
ORD004488,3.0,No
ORD004489,4.0,Yes
ORD004490,5.0,No
ORD004491,2.0,No
ORD004492,4.0,No
ORD004493,5.0,Unknown
ORD004494,2.0,No
ORD004495,3.0,No
ORD004496,5.0,No
ORD004497,5.0,yes
ORD004498,1.0,No
ORD004499,5.0,No
ORD004500,5.0,No
ORD004501,1.0,Unknown
ORD004502,3.0,No
ORD004503,5.0,NO
ORD004504,5.0,yes
ORD004505,3.0,yes
ORD004506,4.0,Unknown
ORD004507,5.0,No
ORD004508,0.0,Unknown
ORD004509,4.0,No
ORD004510,4.0,No
ORD004511,0.0,Yes
ORD004512,1.0,Yes
ORD004513,3.0,No
ORD004514,0.0,NO
ORD004515,1.0,Yes
ORD004516,4.0,Yes
ORD004517,0.0,No
ORD004518,5.0,No
ORD004519,5.0,Unknown
ORD004520,0.0,NO
ORD004521,3.0,No
ORD004522,3.0,yes
ORD004523,4.0,NO
ORD004524,4.0,Unknown
ORD004525,3.0,Yes
ORD004526,0.0,No
ORD004527,0.0,Yes
ORD004528,4.0,No
ORD004529,1.0,No
ORD004530,5.0,Yes
ORD004531,5.0,Yes
ORD004532,4.0,No
ORD004533,3.0,yes
ORD004534,5.0,Yes
ORD004535,5.0,NO
ORD004536,4.0,No
ORD004537,4.0,Yes
ORD004538,4.0,Yes
ORD004539,5.0,No
ORD004540,5.0,Yes
ORD004541,5.0,No
ORD004542,2.0,No
ORD004543,3.0,No
ORD004544,0.0,Unknown
ORD004545,5.0,No
ORD004546,3.0,No
ORD004547,5.0,NO
ORD004548,5.0,Yes
ORD004549,3.0,No
ORD004550,0.0,Unknown
ORD004551,4.0,No
ORD004552,2.0,Yes
ORD004553,4.0,NO
ORD004554,3.0,No
ORD004555,0.0,Yes
ORD004556,4.0,No
ORD004557,3.0,Unknown
ORD004558,4.0,Unknown
ORD004559,0.0,Yes
ORD004560,0.0,Yes
ORD004561,4.0,No
ORD004562,4.0,No
ORD004563,5.0,NO
ORD004564,0.0,Yes
ORD004565,3.0,No
ORD004566,5.0,No
ORD004567,4.0,Yes
ORD004568,4.0,Unknown
ORD004569,2.0,No
ORD004570,4.0,NO
ORD004571,4.0,Unknown
ORD004572,5.0,Yes
ORD004573,5.0,Yes
ORD004574,1.0,yes
ORD004575,5.0,NO
ORD004576,3.0,NO
ORD004577,0.0,No
ORD004578,2.0,No
ORD004579,4.0,Yes
ORD004580,5.0,NO
ORD004581,4.0,yes
ORD004582,1.0,NO
ORD004583,4.0,Yes
ORD004584,5.0,Yes
ORD004585,5.0,yes
ORD004586,3.0,Unknown
ORD004587,5.0,Unknown
ORD004588,1.0,NO
ORD004589,5.0,No
ORD004590,4.0,Unknown
ORD004591,0.0,Unknown
ORD004592,3.0,NO
ORD004593,0.0,Unknown
ORD004594,4.0,Unknown
ORD004595,4.0,Yes
ORD004596,5.0,Unknown
ORD004597,2.0,Yes
ORD004598,5.0,NO
ORD004599,2.0,No
ORD004600,2.0,Yes
ORD004601,3.0,NO
ORD004602,5.0,Unknown
ORD004603,0.0,No
ORD004604,5.0,No
ORD004605,5.0,NO
ORD004606,3.0,Yes
ORD004607,1.0,NO
ORD004608,4.0,No
ORD004609,3.0,Yes
ORD004610,4.0,No
ORD004611,0.0,Unknown
ORD004612,4.0,Yes
ORD004613,4.0,Unknown
ORD004614,5.0,Yes
ORD004615,4.0,Yes
ORD004616,0.0,Yes
ORD004617,5.0,yes
ORD004618,4.0,yes
ORD004619,3.0,No
ORD004620,4.0,Unknown
ORD004621,5.0,Yes
ORD004622,3.0,No
ORD004623,5.0,Unknown
ORD004624,1.0,Unknown
ORD004625,2.0,Unknown
ORD004626,5.0,Unknown
ORD004627,4.0,No
ORD004628,5.0,No
ORD004629,4.0,Yes
ORD004630,1.0,NO
ORD004631,5.0,Unknown
ORD004632,5.0,No
ORD004633,1.0,No
ORD004634,5.0,Yes
ORD004635,5.0,No
ORD004636,0.0,Yes
ORD004637,4.0,No
ORD004638,5.0,Yes
ORD004639,5.0,yes
ORD004640,4.0,No
ORD004641,4.0,yes
ORD004642,0.0,No
ORD004643,1.0,yes
ORD004644,4.0,NO
ORD004645,1.0,Yes
ORD004646,4.0,No
ORD004647,4.0,NO
ORD004648,4.0,No
ORD004649,4.0,Unknown
ORD004650,5.0,Yes
ORD004651,4.0,No
ORD004652,3.0,Unknown
ORD004653,2.0,Unknown
ORD004654,4.0,Yes
ORD004655,5.0,No
ORD004656,5.0,NO
ORD004657,4.0,Unknown
ORD004658,5.0,No
ORD004659,4.0,yes
ORD004660,4.0,No
ORD004661,2.0,No
ORD004662,0.0,Unknown
ORD004663,4.0,No
ORD004664,5.0,yes
ORD004665,2.0,No
ORD004666,4.0,Yes
ORD004667,2.0,Yes
ORD004668,5.0,Yes
ORD004669,3.0,No
ORD004670,4.0,No
ORD004671,4.0,No
ORD004672,2.0,Unknown
ORD004673,5.0,No
ORD004674,4.0,Yes
ORD004675,0.0,Unknown
ORD004676,5.0,yes
ORD004677,4.0,Unknown
ORD004678,4.0,Yes
ORD004679,4.0,Unknown
ORD004680,3.0,NO
ORD004681,5.0,Yes
ORD004682,5.0,NO
ORD004683,4.0,yes
ORD004684,2.0,No
ORD004685,4.0,No
ORD004686,5.0,Yes
ORD004687,4.0,No
ORD004688,3.0,Unknown
ORD004689,3.0,Unknown
ORD004690,4.0,Yes
ORD004691,4.0,No
ORD004692,4.0,Unknown
ORD004693,2.0,Yes
ORD004694,4.0,Unknown
ORD004695,5.0,Yes
ORD004696,5.0,No
ORD004697,2.0,No
ORD004698,5.0,No
ORD004699,5.0,No
ORD004700,3.0,yes
ORD004701,1.0,Unknown
ORD004702,4.0,No
ORD004703,1.0,Yes
ORD004704,4.0,Yes
ORD004705,5.0,Yes
ORD004706,4.0,Yes
ORD004707,5.0,Yes
ORD004708,0.0,No
ORD004709,4.0,yes
ORD004710,4.0,NO
ORD004711,5.0,yes
ORD004712,0.0,yes
ORD004713,3.0,Yes
ORD004714,3.0,No
ORD004715,0.0,No
ORD004716,4.0,NO
ORD004717,3.0,No
ORD004718,0.0,Unknown
ORD004719,4.0,Unknown
ORD004720,5.0,Yes
ORD004721,3.0,No
ORD004722,5.0,No
ORD004723,2.0,yes
ORD004724,5.0,Yes
ORD004725,4.0,Yes
ORD004726,2.0,No
ORD004727,2.0,Unknown
ORD004728,5.0,NO
ORD004729,3.0,No
ORD004730,1.0,No
ORD004731,4.0,No
ORD004732,4.0,Yes
ORD004733,5.0,No
ORD004734,3.0,Yes
ORD004735,5.0,No
ORD004736,4.0,Unknown
ORD004737,4.0,Yes
ORD004738,5.0,NO
ORD004739,0.0,No
ORD004740,5.0,Yes
ORD004741,5.0,yes
ORD004742,4.0,No
ORD004743,5.0,No
ORD004744,4.0,NO
ORD004745,4.0,yes
ORD004746,5.0,Yes
ORD004747,4.0,Unknown
ORD004748,5.0,No
ORD004749,2.0,Yes
ORD004750,4.0,NO
ORD004751,1.0,Unknown
ORD004752,5.0,No
ORD004753,3.0,Yes
ORD004754,0.0,Yes
ORD004755,5.0,NO
ORD004756,1.0,Yes
ORD004757,4.0,No
ORD004758,4.0,NO
ORD004759,1.0,Yes
ORD004760,3.0,Yes
ORD004761,4.0,Yes
ORD004762,0.0,NO
ORD004763,5.0,Unknown
ORD004764,3.0,Unknown
ORD004765,0.0,No
ORD004766,5.0,Yes
ORD004767,1.0,NO
ORD004768,2.0,Unknown
ORD004769,5.0,NO
ORD004770,2.0,Unknown
ORD004771,5.0,Unknown
ORD004772,4.0,Yes
ORD004773,3.0,Yes
ORD004774,3.0,NO
ORD004775,3.0,NO
ORD004776,5.0,No
ORD004777,5.0,Yes
ORD004778,4.0,NO
ORD004779,4.0,No
ORD004780,5.0,No
ORD004781,5.0,Unknown
ORD004782,4.0,Yes
ORD004783,4.0,Yes
ORD004784,5.0,No
ORD004785,4.0,No
ORD004786,4.0,No
ORD004787,4.0,Unknown
ORD004788,5.0,Unknown
ORD004789,4.0,Unknown
ORD004790,3.0,No
ORD004791,5.0,NO
ORD004792,4.0,No
ORD004793,0.0,No
ORD004794,4.0,Unknown
ORD004795,5.0,Unknown
ORD004796,5.0,No
ORD004797,4.0,Yes
ORD004798,2.0,Yes
ORD004799,4.0,No
ORD004800,0.0,NO
ORD004801,2.0,No
ORD004802,5.0,Unknown
ORD004803,4.0,Unknown
ORD004804,4.0,No
ORD004805,0.0,NO
ORD004806,1.0,Yes
ORD004807,5.0,NO
ORD004808,4.0,Unknown
ORD004809,5.0,Unknown
ORD004810,4.0,Unknown
ORD004811,3.0,Yes
ORD004812,5.0,No
ORD004813,2.0,Yes
ORD004814,0.0,Unknown
ORD004815,4.0,Yes
ORD004816,0.0,No
ORD004817,0.0,No
ORD004818,1.0,yes
ORD004819,5.0,Unknown
ORD004820,0.0,Unknown
ORD004821,2.0,No
ORD004822,5.0,yes
ORD004823,4.0,Unknown
ORD004824,3.0,No
ORD004825,2.0,No
ORD004826,5.0,Yes
ORD004827,2.0,Unknown
ORD004828,2.0,NO
ORD004829,5.0,NO
ORD004830,5.0,No
ORD004831,4.0,No
ORD004832,4.0,No
ORD004833,0.0,Yes
ORD004834,5.0,No
ORD004835,4.0,No
ORD004836,4.0,No
ORD004837,3.0,No
ORD004838,0.0,No
ORD004839,4.0,No
ORD004840,4.0,Unknown
ORD004841,4.0,No
ORD004842,0.0,Unknown
ORD004843,4.0,Yes
ORD004844,5.0,No
ORD004845,1.0,No
ORD004846,4.0,yes
ORD004847,5.0,Unknown
ORD004848,4.0,Unknown
ORD004849,1.0,Yes
ORD004850,5.0,No
ORD004851,0.0,NO
ORD004852,4.0,No
ORD004853,0.0,Yes
ORD004854,2.0,Yes
ORD004855,5.0,Unknown
ORD004856,5.0,No
ORD004857,2.0,No
ORD004858,5.0,Yes
ORD004859,0.0,NO
ORD004860,5.0,yes
ORD004861,3.0,Unknown
ORD004862,0.0,NO
ORD004863,0.0,Unknown
ORD004864,0.0,Unknown
ORD004865,4.0,No
ORD004866,3.0,NO
ORD004867,4.0,NO
ORD004868,4.0,No
ORD004869,4.0,No
ORD004870,3.0,NO
ORD004871,5.0,yes
ORD004872,4.0,No
ORD004873,4.0,Unknown
ORD004874,5.0,Unknown
ORD004875,3.0,Yes
ORD004876,3.0,No
ORD004877,0.0,Yes
ORD004878,5.0,Yes
ORD004879,4.0,No
ORD004880,2.0,No
ORD004881,4.0,yes
ORD004882,5.0,NO
ORD004883,5.0,No
ORD004884,0.0,Unknown
ORD004885,4.0,Unknown
ORD004886,5.0,Unknown
ORD004887,4.0,Yes
ORD004888,4.0,Yes
ORD004889,0.0,yes
ORD004890,3.0,No
ORD004891,4.0,Yes
ORD004892,4.0,Yes
ORD004893,4.0,NO
ORD004894,5.0,No
ORD004895,0.0,No
ORD004896,4.0,NO
ORD004897,5.0,No
ORD004898,5.0,NO
ORD004899,0.0,No
ORD004900,4.0,Yes
ORD004901,4.0,Yes
ORD004902,0.0,No
ORD004903,5.0,No
ORD004904,4.0,Yes
ORD004905,0.0,No
ORD004906,4.0,Yes
ORD004907,4.0,No
ORD004908,4.0,Yes
ORD004909,4.0,Unknown
ORD004910,3.0,NO
ORD004911,3.0,Unknown
ORD004912,4.0,Yes
ORD004913,5.0,No
ORD004914,4.0,Unknown
ORD004915,1.0,Yes
ORD004916,4.0,No
ORD004917,4.0,Unknown
ORD004918,3.0,NO
ORD004919,3.0,NO
ORD004920,4.0,yes
ORD004921,5.0,No
ORD004922,5.0,No
ORD004923,3.0,Yes
ORD004924,3.0,Unknown
ORD004925,5.0,No
ORD004926,5.0,NO
ORD004927,4.0,No
ORD004928,5.0,No
ORD004929,2.0,Yes
ORD004930,4.0,No
ORD004931,5.0,No
ORD004932,4.0,Unknown
ORD004933,2.0,No
ORD004934,4.0,No
ORD004935,4.0,Unknown
ORD004936,4.0,No
ORD004937,0.0,NO
ORD004938,0.0,yes
ORD004939,0.0,NO
ORD004940,5.0,Yes
ORD004941,5.0,No
ORD004942,4.0,No
ORD004943,4.0,No
ORD004944,2.0,No
ORD004945,5.0,No
ORD004946,5.0,No
ORD004947,4.0,No
ORD004948,2.0,No
ORD004949,5.0,Unknown
ORD004950,4.0,NO
ORD004951,5.0,Yes
ORD004952,2.0,Yes
ORD004953,4.0,Unknown
ORD004954,0.0,Unknown
ORD004955,5.0,yes
ORD004956,3.0,No
ORD004957,2.0,No
ORD004958,4.0,No
ORD004959,3.0,Yes
ORD004960,5.0,NO
ORD004961,5.0,Unknown
ORD004962,4.0,Unknown
ORD004963,5.0,Yes
ORD004964,5.0,Yes
ORD004965,5.0,Unknown
ORD004966,4.0,Unknown
ORD004967,4.0,Unknown
ORD004968,5.0,Unknown
ORD004969,3.0,Yes
ORD004970,2.0,Yes
ORD004971,5.0,No
ORD004972,2.0,Yes
ORD004973,0.0,Unknown
ORD004974,3.0,Unknown
ORD004975,4.0,Unknown
ORD004976,5.0,No
ORD004977,5.0,No
ORD004978,3.0,Unknown
ORD004979,3.0,Yes
ORD004980,5.0,Unknown
ORD004981,4.0,No
ORD004982,2.0,NO
ORD004983,1.0,Yes
ORD004984,0.0,Unknown
ORD004985,5.0,Yes
ORD004986,4.0,No
ORD004987,4.0,No
ORD004988,4.0,No
ORD004989,5.0,Unknown
ORD004990,4.0,Yes
ORD004991,4.0,No
ORD004992,4.0,yes
ORD004993,5.0,No
ORD004994,1.0,Yes
ORD004995,4.0,No
ORD004996,4.0,No
ORD004997,4.0,No
ORD004998,4.0,yes
ORD004999,4.0,Yes
ORD005000,4.0,NO
